Subspecies,Color
Actinotignum_sanguinis.1,#8c8c8c
Actinotignum_sanguinis.2,#8c8c8c
Aerococcus_christensenii.1,#616161
Aerococcus_christensenii.2,#7B7B7B
Aerococcus_christensenii.3,#959595
Aerococcus_christensenii.4,#B0B0B0
Aerococcus_christensenii.5,#CACACA
Aerococcus_christensenii.6,#E4E4E4
Alloprevotella_sp905369775,#8c8c8c
Alloscardovia_omnicolens,#8c8c8c
Alterileibacterium,#8c8c8c
Anaerococcus,#8c8c8c
Anaerococcus_mediterraneensis.1,#8c8c8c
Anaerococcus_mediterraneensis.2,#8c8c8c
Anaerococcus_prevotii,#8c8c8c
Anaerococcus_sp900258475,#8c8c8c
Anaerococcus_tetradius.1,#8c8c8c
Anaerococcus_tetradius.2,#8c8c8c
Arcanobacterium_sp000758825.1,#8c8c8c
Arcanobacterium_sp000758825.2,#8c8c8c
Atopobacter_sp003664595.1,#8c8c8c
Atopobacter_sp003664595.2,#8c8c8c
Atopobium_deltae.1,#8c8c8c
Atopobium_deltae.2,#8c8c8c
Bacteroides,#8c8c8c
Berryella_sp001552935.1,#FF00D9
Berryella_sp001552935.2,#FF7FEC
Berryella_sp900604965,#8c8c8c
Bifidobacterium_bifidum,#8c8c8c
Bifidobacterium_breve.1,#C1FFC1
Bifidobacterium_breve.2,#D5FFD5
Bifidobacterium_breve.3,#EAFFEA
Brevibacterium_sp001815905.1,#8c8c8c
Brevibacterium_sp001815905.2,#8c8c8c
Bulleidia_spNov1.1,#8c8c8c
Bulleidia_spNov1.2,#8c8c8c
Bulleidia_spNov1.3,#8c8c8c
Bulleidia_spNov1.4,#8c8c8c
Bulleidia_spNov1.5,#8c8c8c
Bulleidia_spNov1.6,#8c8c8c
Bulleidia_spNov1.7,#8c8c8c
Bulleidia_spNov1.8,#8c8c8c
Bulleidia_spNov1.9,#8c8c8c
CAJPTP01,#8c8c8c
Campylobacter,#8c8c8c
Campylobacter_ureolyticus,#8c8c8c
Candida_albicans.1,#8c8c8c
Candida_albicans.2,#8c8c8c
Chlamydia_trachomatis,#8c8c8c
Corynebacterium,#8c8c8c
Corynebacterium_amycolatum,#8c8c8c
Corynebacterium_aurimucosum,#8c8c8c
Corynebacterium_coyleae,#8c8c8c
Corynebacterium_mucifaciens.1,#8c8c8c
Corynebacterium_mucifaciens.2,#8c8c8c
Corynebacterium_pyruviciproducens.1,#8c8c8c
Corynebacterium_pyruviciproducens.2,#8c8c8c
Corynebacterium_riegelii.1,#8c8c8c
Corynebacterium_riegelii.2,#8c8c8c
Corynebacterium_sp001767255.1,#8c8c8c
Corynebacterium_sp001767255.2,#8c8c8c
Corynebacterium_sp001767255.3,#8c8c8c
Corynebacterium_sp001807485.1,#8c8c8c
Corynebacterium_sp001807485.2,#8c8c8c
Corynebacterium_sp900539985.1,#8c8c8c
Corynebacterium_sp900539985.2,#8c8c8c
Corynebacterium_spNov1.1,#8c8c8c
Corynebacterium_spNov1.2,#8c8c8c
Corynebacterium_tuscaniense.1,#8c8c8c
Corynebacterium_tuscaniense.2,#8c8c8c
Corynebacterium_tuscaniense.3,#8c8c8c
Cryptobacteroides_spNov1.1,#8c8c8c
Cryptobacteroides_spNov1.2,#8c8c8c
Cutibacterium_acnes.1,#4C693A
Cutibacterium_acnes.2,#788E6B
Cutibacterium_acnes.3,#A5B49C
Cutibacterium_acnes.4,#D2D9CD
Dialister_micraerophilus.1,#8c8c8c
Dialister_micraerophilus.2,#8c8c8c
Dialister_micraerophilus.3,#8c8c8c
Dialister_micraerophilus.4,#8c8c8c
Dialister_micraerophilus.5,#8c8c8c
Dialister_sp001553355.1,#045C47
Dialister_sp001553355.2,#428475
Dialister_sp001553355.3,#81ADA3
Dialister_sp001553355.4,#C0D6D1
Dialister_sp900541485.1,#8c8c8c
Dialister_sp900541485.2,#8c8c8c
Enterococcus_faecalis.1,#8c8c8c
Enterococcus_faecalis.2,#8c8c8c
Escherichia_coli.1,#8c8c8c
Escherichia_coli.2,#8c8c8c
Eubacterium_spNov1.1,#8c8c8c
Eubacterium_spNov1.2,#8c8c8c
Ezakiella_coagulans.1,#8c8c8c
Ezakiella_coagulans.2,#8c8c8c
Fannyhessea_massiliense.1,#8c8c8c
Fannyhessea_massiliense.2,#8c8c8c
Fannyhessea_massiliense.3,#8c8c8c
Fannyhessea_spNov3.1,#8c8c8c
Fannyhessea_spNov3.2,#8c8c8c
Fannyhessea_spNov3.3,#8c8c8c
Fannyhessea_spNov3.4,#8c8c8c
Fannyhessea_spNov3.5,#8c8c8c
Fannyhessea_spNov3.6,#8c8c8c
Fannyhessea_spNov3.7,#8c8c8c
Fannyhessea_spNov3.8,#8c8c8c
Fannyhessea_spNov3.9,#8c8c8c
Fannyhessea_vaginae.1,#0000CD
Fannyhessea_vaginae.2,#3F3FD9
Fannyhessea_vaginae.3,#7F7FE6
Fannyhessea_vaginae.4,#BFBFF2
Fenollaria_massiliensis.1,#8c8c8c
Fenollaria_massiliensis.2,#8c8c8c
Finegoldia_magna.1,#8c8c8c
Finegoldia_magna.2,#8c8c8c
Finegoldia_magna.3,#8c8c8c
Fusobacterium_animalis.1,#8c8c8c
Fusobacterium_animalis.2,#8c8c8c
Fusobacterium_gonidiaformans,#8c8c8c
Gardnerella,#221886
Gardnerella_leopoldii.1,#2F268D
Gardnerella_leopoldii.2,#433B98
Gardnerella_leopoldii.3,#5851A3
Gardnerella_leopoldii.4,#6D67AF
Gardnerella_leopoldii.5,#827CBA
Gardnerella_leopoldii.6,#9792C6
Gardnerella_leopoldii.7,#ABA8D1
Gardnerella_leopoldii.8,#C0BDDC
Gardnerella_leopoldii.9,#D5D3E8
Gardnerella_leopoldii.10,#EAE9F3
Gardnerella_piotii.1,#3D3495
Gardnerella_piotii.2,#635CAA
Gardnerella_piotii.3,#8A85BF
Gardnerella_piotii.4,#B1ADD4
Gardnerella_piotii.5,#D8D6E9
Gardnerella_sp003585735.1,#4B439C
Gardnerella_sp003585735.2,#8781BD
Gardnerella_sp003585735.3,#C3C0DE
Gardnerella_sp003585845.1,#5951A4
Gardnerella_sp003585845.2,#6D66AF
Gardnerella_sp003585845.3,#827CBA
Gardnerella_sp003585845.4,#9792C6
Gardnerella_sp003585845.5,#ACA8D1
Gardnerella_sp003585845.6,#C0BDDC
Gardnerella_sp003585845.7,#D5D3E8
Gardnerella_sp003585845.8,#EAE9F3
Gardnerella_spNov1,#6760AB
Gardnerella_spNov2.1,#746EB3
Gardnerella_spNov2.2,#B9B6D9
Gardnerella_swidsinkii.1,#827DBA
Gardnerella_swidsinkii.2,#ABA8D1
Gardnerella_swidsinkii.3,#D5D3E8
Gardnerella_vaginalis.1,#908BC2
Gardnerella_vaginalis.2,#C7C5E0
Gardnerella_vaginalis_A.1,#9E99CA
Gardnerella_vaginalis_A.2,#BEBBDB
Gardnerella_vaginalis_A.3,#DEDDED
Gardnerella_vaginalis_B.1,#ACA8D1
Gardnerella_vaginalis_B.2,#C7C5E0
Gardnerella_vaginalis_B.3,#E3E2EF
Gardnerella_vaginalis_C.1,#B9B6D9
Gardnerella_vaginalis_C.2,#D0CEE5
Gardnerella_vaginalis_C.3,#E7E6F2
Gardnerella_vaginalis_D.1,#C7C5E0
Gardnerella_vaginalis_D.2,#D2D0E6
Gardnerella_vaginalis_D.3,#DDDCEC
Gardnerella_vaginalis_D.4,#E8E7F2
Gardnerella_vaginalis_D.5,#F3F3F8
Gardnerella_vaginalis_E.1,#D5D3E8
Gardnerella_vaginalis_E.2,#EAE9F3
Gardnerella_vaginalis_F.1,#E3E2EF
Gardnerella_vaginalis_F.2,#ECEBF4
Gardnerella_vaginalis_F.3,#F5F5F9
Gardnerella_vaginalis_H.1,#F1F0F7
Gardnerella_vaginalis_H.2,#F4F3F9
Gardnerella_vaginalis_H.3,#F8F7FB
Gardnerella_vaginalis_H.4,#FBFBFD
Gemella_asaccharolytica.1,#8c8c8c
Gemella_asaccharolytica.2,#8c8c8c
Gemella_asaccharolytica.3,#8c8c8c
Gemella_asaccharolytica.4,#8c8c8c
Gemella_asaccharolytica.5,#8c8c8c
Gemella_asaccharolytica.6,#8c8c8c
Gemella_asaccharolytica.7,#8c8c8c
Gemella_asaccharolytica.8,#8c8c8c
Gemella_asaccharolytica.9,#8c8c8c
Gemella_haemolysans.1,#8c8c8c
Gemella_haemolysans.2,#8c8c8c
Gleimia_europaea,#8c8c8c
Gulosibacter,#8c8c8c
KA00274_sp001552885.1,#8c8c8c
KA00274_sp001552885.2,#8c8c8c
KA00274_sp902373515.1,#8c8c8c
KA00274_sp902373515.2,#8c8c8c
KA00274_sp902373515.3,#8c8c8c
KA00274_sp902373515.4,#8c8c8c
KA00274_sp902373515.5,#8c8c8c
Lactobacillus_crispatus.1,#FF0000
Lactobacillus_crispatus.2,#FF1919
Lactobacillus_crispatus.3,#FF3333
Lactobacillus_crispatus.4,#FF4C4C
Lactobacillus_crispatus.5,#FF6666
Lactobacillus_crispatus.6,#FF7F7F
Lactobacillus_crispatus.7,#FF9999
Lactobacillus_crispatus.8,#FFB2B2
Lactobacillus_crispatus.9,#FFCCCC
Lactobacillus_crispatus.10,#FFE5E5
Lactobacillus_gasseri.1,#86BF4D
Lactobacillus_gasseri.2,#C2DFA6
Lactobacillus_iners.1,#FF8C00
Lactobacillus_iners.2,#FF9A1F
Lactobacillus_iners.3,#FFA83F
Lactobacillus_iners.4,#FFB75F
Lactobacillus_iners.5,#FFC57F
Lactobacillus_iners.6,#FFD39F
Lactobacillus_iners.7,#FFE2BF
Lactobacillus_iners.8,#FFF0DF
Lactobacillus_jensenii.1,#FAE50D
Lactobacillus_jensenii.2,#FAE82B
Lactobacillus_jensenii.3,#FBEB49
Lactobacillus_jensenii.4,#FBEE67
Lactobacillus_jensenii.5,#FCF286
Lactobacillus_jensenii.6,#FDF5A4
Lactobacillus_jensenii.7,#FDF8C2
Lactobacillus_jensenii.8,#FEFBE0
Lactobacillus_mulieris.1,#A16060
Lactobacillus_mulieris.2,#C09595
Lactobacillus_mulieris.3,#DFCACA
Lactobacillus_paragasseri.1,#0D4018
Lactobacillus_paragasseri.2,#5D7F65
Lactobacillus_paragasseri.3,#AEBFB2
Lawsonella_clevelandensis,#8c8c8c
Levyella_massiliensis.1,#8c8c8c
Levyella_massiliensis.2,#8c8c8c
Limosilactobacillus,#8c8c8c
Limosilactobacillus_coleohominis.1,#8c8c8c
Limosilactobacillus_coleohominis.2,#8c8c8c
Limosilactobacillus_coleohominis.3,#8c8c8c
Limosilactobacillus_fermentum,#8c8c8c
Limosilactobacillus_portuensis.1,#CF36B5
Limosilactobacillus_portuensis.2,#D54FBE
Limosilactobacillus_portuensis.3,#DB68C7
Limosilactobacillus_portuensis.4,#E181D0
Limosilactobacillus_portuensis.5,#E79ADA
Limosilactobacillus_portuensis.6,#EDB3E3
Limosilactobacillus_portuensis.7,#F3CCEC
Limosilactobacillus_portuensis.8,#F9E5F5
Limosilactobacillus_urinaemulieris.1,#8c8c8c
Limosilactobacillus_urinaemulieris.2,#8c8c8c
Limosilactobacillus_vaginalis.1,#8c8c8c
Limosilactobacillus_vaginalis.2,#8c8c8c
Mageeibacillus_indolicus.1,#8c8c8c
Mageeibacillus_indolicus.2,#8c8c8c
Mageeibacillus_indolicus.3,#8c8c8c
Mageeibacillus_indolicus.4,#8c8c8c
Mageeibacillus_indolicus.5,#8c8c8c
Mageeibacillus_indolicus.6,#8c8c8c
Mageeibacillus_indolicus.7,#8c8c8c
Mageeibacillus_indolicus.8,#8c8c8c
Mageeibacillus_indolicus.9,#8c8c8c
Mageeibacillus_indolicus.10,#8c8c8c
Malacoplasma_girerdii.1,#8c8c8c
Malacoplasma_girerdii.2,#8c8c8c
Megasphaera_hutchinsoni.1,#8c8c8c
Megasphaera_hutchinsoni.2,#8c8c8c
Megasphaera_hutchinsoni.3,#8c8c8c
Megasphaera_hutchinsoni.4,#8c8c8c
Megasphaera_lornae.1,#008B45
Megasphaera_lornae.2,#33A26A
Megasphaera_lornae.3,#66B98F
Megasphaera_lornae.4,#99D0B4
Megasphaera_lornae.5,#CCE7D9
Metamycoplasma_hominis.1,#8c8c8c
Metamycoplasma_hominis.2,#8c8c8c
Metamycoplasma_hominis.3,#8c8c8c
Metamycoplasma_hominis.4,#8c8c8c
Mobiluncus_curtisii.1,#8c8c8c
Mobiluncus_curtisii.2,#8c8c8c
Mobiluncus_curtisii.3,#8c8c8c
Mobiluncus_curtisii.4,#8c8c8c
Mobiluncus_mulieris.1,#F08080
Mobiluncus_mulieris.2,#F29292
Mobiluncus_mulieris.3,#F4A4A4
Mobiluncus_mulieris.4,#F6B6B6
Mobiluncus_mulieris.5,#F8C8C8
Mobiluncus_mulieris.6,#FADADA
Mobiluncus_mulieris.7,#FCECEC
MultiGenera,#8c8c8c
Nakaseomyces_glabratus,#8c8c8c
Nanoperiomorbus_sp004136275.1,#613B1A
Nanoperiomorbus_sp004136275.2,#957C66
Nanoperiomorbus_sp004136275.3,#CABDB2
Olegusella_massiliensis,#8c8c8c
Oligella_urethralis,#8c8c8c
Parvimonas_sp001552895.1,#8c8c8c
Parvimonas_sp001552895.2,#8c8c8c
Parvimonas_sp001552895.3,#8c8c8c
Parvimonas_sp001552895.4,#8c8c8c
Parvimonas_sp001552895.5,#8c8c8c
Parvimonas_sp001552895.6,#8c8c8c
Parvimonas_sp001552895.7,#8c8c8c
Parvimonas_sp001552895.8,#8c8c8c
Parvimonas_sp001552895.9,#8c8c8c
Parvimonas_sp001552895.10,#8c8c8c
Pauljensenia_turicensis.1,#8c8c8c
Pauljensenia_turicensis.2,#8c8c8c
Peptococcus_niger.1,#8c8c8c
Peptococcus_niger.2,#8c8c8c
Peptoniphilus_coxii.1,#8c8c8c
Peptoniphilus_coxii.2,#8c8c8c
Peptoniphilus_duerdenii,#8c8c8c
Peptoniphilus_harei.1,#8c8c8c
Peptoniphilus_harei.2,#8c8c8c
Peptoniphilus_harei.3,#8c8c8c
Peptoniphilus_lacrimalis.1,#8c8c8c
Peptoniphilus_lacrimalis.2,#8c8c8c
Peptoniphilus_sp000478985.1,#8c8c8c
Peptoniphilus_sp000478985.2,#8c8c8c
Peptoniphilus_sp902363535.1,#8c8c8c
Peptoniphilus_sp902363535.2,#8c8c8c
Peptoniphilus_vaginalis.1,#8c8c8c
Peptoniphilus_vaginalis.2,#8c8c8c
Peptoniphilus_vaginalis.3,#8c8c8c
Peptoniphilus_vaginalis.4,#8c8c8c
Peptoniphilus_vaginalis.5,#8c8c8c
Peptoniphilus_vaginalis.6,#8c8c8c
Peptoniphilus_vaginalis.7,#8c8c8c
Peptoniphilus_vaginalis.8,#8c8c8c
Peptoniphilus_vaginalis.9,#8c8c8c
Peptostreptococcus_anaerobius.1,#8c8c8c
Peptostreptococcus_anaerobius.2,#8c8c8c
Peptostreptococcus_anaerobius.3,#8c8c8c
Peptostreptococcus_anaerobius.4,#8c8c8c
Peptostreptococcus_anaerobius.5,#8c8c8c
Peptostreptococcus_anaerobius.6,#8c8c8c
Peptostreptococcus_anaerobius.7,#8c8c8c
Peptostreptococcus_anaerobius.8,#8c8c8c
Peptostreptococcus_anaerobius.9,#8c8c8c
Peptostreptococcus_anaerobius.10,#8c8c8c
Peptostreptococcus_sp000758885.1,#8c8c8c
Peptostreptococcus_sp000758885.2,#8c8c8c
Porphyromonas,#8c8c8c
Porphyromonas_asaccharolytica.1,#8c8c8c
Porphyromonas_asaccharolytica.2,#8c8c8c
Porphyromonas_somerae,#8c8c8c
Porphyromonas_sp001552775.1,#8c8c8c
Porphyromonas_sp001552775.2,#8c8c8c
Porphyromonas_sp001552775.3,#8c8c8c
Porphyromonas_sp001552775.4,#8c8c8c
Porphyromonas_sp001552775.5,#8c8c8c
Porphyromonas_sp001552775.6,#8c8c8c
Porphyromonas_sp001552775.7,#8c8c8c
Porphyromonas_sp001808555.1,#8c8c8c
Porphyromonas_sp001808555.2,#8c8c8c
Porphyromonas_sp001808555.3,#8c8c8c
Porphyromonas_spNov1,#8c8c8c
Porphyromonas_uenonis.1,#8c8c8c
Porphyromonas_uenonis.2,#8c8c8c
Porphyromonas_uenonis.3,#8c8c8c
Porphyromonas_uenonis.4,#8c8c8c
Prevotella,#7D7D7D
Prevotella_amnii.1,#AC8FC7
Prevotella_amnii.2,#B79FCF
Prevotella_amnii.3,#C3AFD7
Prevotella_amnii.4,#CFBFDF
Prevotella_amnii.5,#DBCFE7
Prevotella_amnii.6,#E7DFEF
Prevotella_amnii.7,#F3EFF7
Prevotella_bivia.1,#C997CC
Prevotella_bivia.2,#D0A5D3
Prevotella_bivia.3,#D8B4DA
Prevotella_bivia.4,#E0C3E1
Prevotella_bivia.5,#E7D2E9
Prevotella_bivia.6,#EFE1F0
Prevotella_bivia.7,#F7F0F7
Prevotella_colorans.1,#8c8c8c
Prevotella_colorans.2,#8c8c8c
Prevotella_colorans.3,#8c8c8c
Prevotella_colorans.4,#8c8c8c
Prevotella_colorans.5,#8c8c8c
Prevotella_corporis,#8c8c8c
Prevotella_disiens.1,#8c8c8c
Prevotella_disiens.2,#8c8c8c
Prevotella_melaninogenica,#8c8c8c
Prevotella_sp000479005.1,#8c8c8c
Prevotella_sp000479005.2,#8c8c8c
Prevotella_sp000479005.3,#8c8c8c
Prevotella_sp000479005.4,#8c8c8c
Prevotella_sp000479005.5,#8c8c8c
Prevotella_sp000758925.1,#6C6E45
Prevotella_sp000758925.2,#B5B6A2
Prevotella_sp001552765,#8c8c8c
Prevotella_spNov1.1,#8c8c8c
Prevotella_spNov1.2,#8c8c8c
Prevotella_spNov1.3,#8c8c8c
Prevotella_spNov1.4,#8c8c8c
Prevotella_spNov1.5,#8c8c8c
Prevotella_spNov1.6,#8c8c8c
Prevotella_spNov1.7,#8c8c8c
Prevotella_spNov2,#8c8c8c
Prevotella_spNov3.1,#684A6B
Prevotella_spNov3.2,#8D7790
Prevotella_spNov3.3,#B3A4B5
Prevotella_spNov3.4,#D9D1DA
Prevotella_timonensis.1,#F8FCA9
Prevotella_timonensis.2,#F8FCB2
Prevotella_timonensis.3,#F9FCBC
Prevotella_timonensis.4,#FAFDC5
Prevotella_timonensis.5,#FBFDCF
Prevotella_timonensis.6,#FBFDD8
Prevotella_timonensis.7,#FCFEE2
Prevotella_timonensis.8,#FDFEEB
Prevotella_timonensis.9,#FEFEF5
Propionimicrobium_lymphophilum,#8c8c8c
Pseudoglutamicibacter_albus,#8c8c8c
Pseudoglutamicibacter_cumminsii,#8c8c8c
S5-A14a_sp000758905,#8c8c8c
Slackia_exigua,#8c8c8c
Sneathia_sanguinegens.1,#8c8c8c
Sneathia_sanguinegens.2,#8c8c8c
Sneathia_sanguinegens.3,#8c8c8c
Sneathia_sanguinegens.4,#8c8c8c
Sneathia_sanguinegens.5,#8c8c8c
Sneathia_sanguinegens.6,#8c8c8c
Sneathia_sanguinegens.7,#8c8c8c
Sneathia_vaginalis.1,#6963FF
Sneathia_vaginalis.2,#8E8AFF
Sneathia_vaginalis.3,#B4B1FF
Sneathia_vaginalis.4,#D9D8FF
Sodaliphilus_spNov1.1,#8c8c8c
Sodaliphilus_spNov1.2,#8c8c8c
Sodaliphilus_spNov1.3,#8c8c8c
Sodaliphilus_spNov1.4,#8c8c8c
Sodaliphilus_spNov1.5,#8c8c8c
Staphylococcus_aureus,#8c8c8c
Staphylococcus_epidermidis.1,#8c8c8c
Staphylococcus_epidermidis.2,#8c8c8c
Staphylococcus_haemolyticus,#8c8c8c
Stomatobaculum_naviforme,#8c8c8c
Stomatobaculum_sp002892395.1,#8c8c8c
Stomatobaculum_sp002892395.2,#8c8c8c
Stomatobaculum_sp002892395.3,#8c8c8c
Streptococcus,#8c8c8c
Streptococcus_agalactiae.1,#C43DB0
Streptococcus_agalactiae.2,#D77DCA
Streptococcus_agalactiae.3,#EBBEE4
Streptococcus_anginosus.1,#FFBAF8
Streptococcus_anginosus.2,#FFD1FA
Streptococcus_anginosus.3,#FFE8FC
Streptococcus_mitis.1,#C771BA
Streptococcus_mitis.2,#E3B8DC
Streptococcus_salivarius,#8c8c8c
Sutterella_sp900762445,#8c8c8c
Sutterella_spNov1.1,#8c8c8c
Sutterella_spNov1.2,#8c8c8c
Trichomonas_vaginalis.1,#0077FF
Trichomonas_vaginalis.2,#7FBBFF
UBA629_sp005465875.1,#448A73
UBA629_sp005465875.2,#72A796
UBA629_sp005465875.3,#A1C4B9
UBA629_sp005465875.4,#D0E1DC
Ureaplasma_parvum.1,#8c8c8c
Ureaplasma_parvum.2,#8c8c8c
Ureaplasma_parvum.3,#8c8c8c
Ureaplasma_parvum.4,#8c8c8c
Ureaplasma_parvum.5,#8c8c8c
Ureaplasma_parvum.6,#8c8c8c
Ureaplasma_parvum.7,#8c8c8c
Ureaplasma_urealyticum.1,#8c8c8c
Ureaplasma_urealyticum.2,#8c8c8c
Urinicoccus_massiliensis.1,#8c8c8c
Urinicoccus_massiliensis.2,#8c8c8c
Varibaculum_cambriense.1,#8c8c8c
Varibaculum_cambriense.2,#8c8c8c
Varibaculum_massiliense,#8c8c8c
Veillonella_montpellierensis.1,#8c8c8c
Veillonella_montpellierensis.2,#8c8c8c
Winkia_neuii.1,#8c8c8c
Winkia_neuii.2,#8c8c8c
Winkia_sp002849225.1,#8c8c8c
Winkia_sp002849225.2,#8c8c8c
