sampleID,Project
323752_MG,LSVF
323756_MG,LSVF
323757_MG,LSVF
323758_MG,LSVF
323760_MG,LSVF
323761_MG,LSVF
323762_MG,LSVF
323763_MG,LSVF
323766_MG,LSVF
323767_MG,LSVF
323769_MG,LSVF
323770_MG,LSVF
323773_MG,LSVF
323774_MG,LSVF
323775_MG,LSVF
323781_MG,LSVF
323783_MG,LSVF
323784_MG,LSVF
323785_MG,LSVF
323789_MG,LSVF
323790_MG,LSVF
323791_MG,LSVF
323793_MG,LSVF
323795_MG,LSVF
323796_MG,LSVF
323805_MG,LSVF
323806_MG,LSVF
323810_MG,LSVF
323812_MG,LSVF
323813_MG,LSVF
323816_MG,LSVF
323819_MG,LSVF
323823_MG,LSVF
323824_MG,LSVF
323825_MG,LSVF
323829_MG,LSVF
323830_MG,LSVF
323840_MG,LSVF
323843_MG,LSVF
323853_MG,LSVF
323854_MG,LSVF
323858_MG,LSVF
323864_MG,LSVF
323865_MG,LSVF
323873_MG,LSVF
323875_MG,LSVF
323876_MG,LSVF
323877_MG,LSVF
323878_MG,LSVF
323880_MG,LSVF
323881_MG,LSVF
323884_MG,LSVF
323886_MG,LSVF
323887_MG,LSVF
323888_MG,LSVF
323890_MG,LSVF
323891_MG,LSVF
323892_MG,LSVF
323893_MG,LSVF
323894_MG,LSVF
323896_MG,LSVF
323897_MG,LSVF
323898_MG,LSVF
323900_MG,LSVF
342278_MG,LSVF
342282_MG,LSVF
342290_MG,LSVF
342294_MG,LSVF
342295_MG,LSVF
342298_MG,LSVF
342300_MG,LSVF
342302_MG,LSVF
342305_MG,LSVF
342306_MG,LSVF
342310_MG,LSVF
342312_MG,LSVF
342315_MG,LSVF
342317_MG,LSVF
342324_MG,LSVF
342326_MG,LSVF
342328_MG,LSVF
342330_MG,LSVF
342333_MG,LSVF
342334_MG,LSVF
342341_MG,LSVF
342343_MG,LSVF
342345_MG,LSVF
342350_MG,LSVF
342351_MG,LSVF
342355_MG,LSVF
342359_MG,LSVF
342363_MG,LSVF
342367_MG,LSVF
342368_MG,LSVF
342377_MG,LSVF
342381_MG,LSVF
342385_MG,LSVF
342386_MG,LSVF
342387_MG,LSVF
342391_MG,LSVF
342395_MG,LSVF
342396_MG,LSVF
342404_MG,LSVF
342408_MG,LSVF
342414_MG,LSVF
342416_MG,LSVF
342419_MG,LSVF
342420_MG,LSVF
342424_MG,LSVF
342427_MG,LSVF
342429_MG,LSVF
342433_MG,LSVF
342434_MG,LSVF
342438_MG,LSVF
342449_MG,LSVF
342450_MG,LSVF
342461_MG,LSVF
342464_MG,LSVF
342466_MG,LSVF
342469_MG,LSVF
342474_MG,LSVF
342476_MG,LSVF
342480_MG,LSVF
342482_MG,LSVF
342484_MG,LSVF
342487_MG,LSVF
342489_MG,LSVF
342491_MG,LSVF
342495_MG,LSVF
342496_MG,LSVF
342498_MG,LSVF
342501_MG,LSVF
342502_MG,LSVF
342504_MG,LSVF
342506_MG,LSVF
342509_MG,LSVF
342511_MG,LSVF
342514_MG,LSVF
342520_MG,LSVF
342521_MG,LSVF
342522_MG,LSVF
342526_MG,LSVF
342528_MG,LSVF
342533_MG,LSVF
342536_MG,LSVF
342538_MG,LSVF
342546_MG,LSVF
342548_MG,LSVF
342551_MG,LSVF
342552_MG,LSVF
342556_MG,LSVF
342560_MG,LSVF
342561_MG,LSVF
342564_MG,LSVF
342566_MG,LSVF
342567_MG,LSVF
342571_MG,LSVF
342574_MG,LSVF
342578_MG,LSVF
342587_MG,LSVF
342591_MG,LSVF
342592_MG,LSVF
342594_MG,LSVF
342600_MG,LSVF
342602_MG,LSVF
342606_MG,LSVF
342609_MG,LSVF
342610_MG,LSVF
342619_MG,LSVF
342621_MG,LSVF
342627_MG,LSVF
342630_MG,LSVF
342632_MG,LSVF
342636_MG,LSVF
342637_MG,LSVF
342639_MG,LSVF
342642_MG,LSVF
342646_MG,LSVF
342647_MG,LSVF
342649_MG,LSVF
342652_MG,LSVF
342655_MG,LSVF
342657_MG,LSVF
342660_MG,LSVF
342662_MG,LSVF
342663_MG,LSVF
342666_MG,LSVF
342668_MG,LSVF
342671_MG,LSVF
342674_MG,LSVF
342681_MG,LSVF
342682_MG,LSVF
342689_MG,LSVF
342693_MG,LSVF
342694_MG,LSVF
342697_MG,LSVF
342699_MG,LSVF
342703_MG,LSVF
342704_MG,LSVF
342707_MG,LSVF
342709_MG,LSVF
342711_MG,LSVF
342714_MG,LSVF
342717_MG,LSVF
342718_MG,LSVF
342722_MG,LSVF
342724_MG,LSVF
342727_MG,LSVF
342730_MG,LSVF
342737_MG,LSVF
342738_MG,LSVF
342742_MG,LSVF
342746_MG,LSVF
342747_MG,LSVF
342751_MG,LSVF
342752_MG,LSVF
342756_MG,LSVF
342757_MG,LSVF
342758_MG,LSVF
342762_MG,LSVF
342764_MG,LSVF
342767_MG,LSVF
342769_MG,LSVF
342772_MG,LSVF
342774_MG,LSVF
342777_MG,LSVF
342781_MG,LSVF
342784_MG,LSVF
342785_MG,LSVF
342789_MG,LSVF
342790_MG,LSVF
342794_MG,LSVF
342800_MG,LSVF
342802_MG,LSVF
342807_MG,LSVF
342810_MG,LSVF
342813_MG,LSVF
342815_MG,LSVF
342816_MG,LSVF
342820_MG,LSVF
342821_MG,LSVF
342825_MG,LSVF
342826_MG,LSVF
342830_MG,LSVF
342834_MG,LSVF
342835_MG,LSVF
342839_MG,LSVF
342840_MG,LSVF
342843_MG,LSVF
342844_MG,LSVF
342848_MG,LSVF
342850_MG,LSVF
342858_MG,LSVF
342860_MG,LSVF
342863_MG,LSVF
342864_MG,LSVF
342868_MG,LSVF
342872_MG,LSVF
342873_MG,LSVF
342875_MG,LSVF
342880_MG,LSVF
342881_MG,LSVF
342884_MG,LSVF
342886_MG,LSVF
342887_MG,LSVF
342891_MG,LSVF
342895_MG,LSVF
342896_MG,LSVF
342898_MG,LSVF
342901_MG,LSVF
342902_MG,LSVF
342906_MG,LSVF
342909_MG,LSVF
342911_MG,LSVF
342913_MG,LSVF
342916_MG,LSVF
342919_MG,LSVF
342920_MG,LSVF
342922_MG,LSVF
342925_MG,LSVF
342926_MG,LSVF
342930_MG,LSVF
342931_MG,LSVF
342933_MG,LSVF
342934_MG,LSVF
342938_MG,LSVF
342941_MG,LSVF
342942_MG,LSVF
342943_MG,LSVF
342947_MG,LSVF
342948_MG,LSVF
342955_MG,LSVF
342958_MG,LSVF
342964_MG,LSVF
342969_MG,LSVF
342972_MG,LSVF
342978_MG,LSVF
342982_MG,LSVF
342986_MG,LSVF
342987_MG,LSVF
342991_MG,LSVF
342994_MG,LSVF
342997_MG,LSVF
343000_MG,LSVF
343002_MG,LSVF
343003_MG,LSVF
343007_MG,LSVF
343010_MG,LSVF
343018_MG,LSVF
343019_MG,LSVF
343021_MG,LSVF
343024_MG,LSVF
343028_MG,LSVF
343029_MG,LSVF
343031_MG,LSVF
343033_MG,LSVF
343034_MG,LSVF
343038_MG,LSVF
343042_MG,LSVF
343043_MG,LSVF
343046_MG,LSVF
343048_MG,LSVF
343049_MG,LSVF
343053_MG,LSVF
343057_MG,LSVF
343058_MG,LSVF
343060_MG,LSVF
343063_MG,LSVF
343067_MG,LSVF
343068_MG,LSVF
343071_MG,LSVF
343075_MG,LSVF
343076_MG,LSVF
343078_MG,LSVF
343081_MG,LSVF
343083_MG,LSVF
343086_MG,LSVF
343089_MG,LSVF
343094_MG,LSVF
343098_MG,LSVF
343099_MG,LSVF
343101_MG,LSVF
343104_MG,LSVF
343107_MG,LSVF
343109_MG,LSVF
343111_MG,LSVF
343114_MG,LSVF
343117_MG,LSVF
343119_MG,LSVF
343123_MG,LSVF
343124_MG,LSVF
343128_MG,LSVF
343129_MG,LSVF
343131_MG,LSVF
343134_MG,LSVF
343138_MG,LSVF
343139_MG,LSVF
343140_MG,LSVF
343145_MG,LSVF
343147_MG,LSVF
343150_MG,LSVF
343153_MG,LSVF
343155_MG,LSVF
343156_MG,LSVF
343160_MG,LSVF
343163_MG,LSVF
343165_MG,LSVF
343167_MG,LSVF
343173_MG,LSVF
343177_MG,LSVF
343178_MG,LSVF
343180_MG,LSVF
343183_MG,LSVF
343185_MG,LSVF
343188_MG,LSVF
343192_MG,LSVF
343193_MG,LSVF
343195_MG,LSVF
343198_MG,LSVF
343200_MG,LSVF
343203_MG,LSVF
343205_MG,LSVF
343208_MG,LSVF
343209_MG,LSVF
343213_MG,LSVF
343215_MG,LSVF
343218_MG,LSVF
343222_MG,LSVF
343223_MG,LSVF
343225_MG,LSVF
343233_MG,LSVF
343234_MG,LSVF
343238_MG,LSVF
343239_MG,LSVF
343243_MG,LSVF
343246_MG,LSVF
343255_MG,LSVF
343256_MG,LSVF
343258_MG,LSVF
343261_MG,LSVF
343264_MG,LSVF
343266_MG,LSVF
343269_MG,LSVF
343271_MG,LSVF
343275_MG,LSVF
343276_MG,LSVF
343278_MG,LSVF
343281_MG,LSVF
343283_MG,LSVF
343286_MG,LSVF
343287_MG,LSVF
343291_MG,LSVF
343292_MG,LSVF
343301_MG,LSVF
343302_MG,LSVF
343306_MG,LSVF
343309_MG,LSVF
343311_MG,LSVF
343314_MG,LSVF
343318_MG,LSVF
343319_MG,LSVF
343322_MG,LSVF
343324_MG,LSVF
343328_MG,LSVF
343332_MG,LSVF
343335_MG,LSVF
343337_MG,LSVF
343339_MG,LSVF
343342_MG,LSVF
343345_MG,LSVF
343347_MG,LSVF
343349_MG,LSVF
343352_MG,LSVF
343356_MG,LSVF
343357_MG,LSVF
343360_MG,LSVF
343363_MG,LSVF
343365_MG,LSVF
343368_MG,LSVF
343370_MG,LSVF
343373_MG,LSVF
343377_MG,LSVF
343378_MG,LSVF
343381_MG,LSVF
343388_MG,LSVF
343389_MG,LSVF
343393_MG,LSVF
343396_MG,LSVF
343398_MG,LSVF
343401_MG,LSVF
343402_MG,LSVF
343406_MG,LSVF
343409_MG,LSVF
343411_MG,LSVF
343415_MG,LSVF
343416_MG,LSVF
343418_MG,LSVF
343422_MG,LSVF
343424_MG,LSVF
343425_MG,LSVF
343432_MG,LSVF
343434_MG,LSVF
343435_MG,LSVF
343439_MG,LSVF
343442_MG,LSVF
343444_MG,LSVF
343446_MG,LSVF
343449_MG,LSVF
343452_MG,LSVF
343454_MG,LSVF
343457_MG,LSVF
343459_MG,LSVF
343463_MG,LSVF
343464_MG,LSVF
343466_MG,LSVF
343469_MG,LSVF
343471_MG,LSVF
343474_MG,LSVF
343477_MG,LSVF
343479_MG,LSVF
343483_MG,LSVF
343489_MG,LSVF
343493_MG,LSVF
343494_MG,LSVF
343498_MG,LSVF
343499_MG,LSVF
343500_MG,LSVF
343504_MG,LSVF
343506_MG,LSVF
343509_MG,LSVF
343511_MG,LSVF
343514_MG,LSVF
343517_MG,LSVF
343520_MG,LSVF
343522_MG,LSVF
343524_MG,LSVF
343532_MG,LSVF
343534_MG,LSVF
343540_MG,LSVF
343543_MG,LSVF
343545_MG,LSVF
343547_MG,LSVF
343550_MG,LSVF
343554_MG,LSVF
343555_MG,LSVF
343557_MG,LSVF
343560_MG,LSVF
343563_MG,LSVF
343570_MG,LSVF
343574_MG,LSVF
343576_MG,LSVF
343578_MG,LSVF
343581_MG,LSVF
343583_MG,LSVF
343586_MG,LSVF
343588_MG,LSVF
343592_MG,LSVF
343593_MG,LSVF
343594_MG,LSVF
343598_MG,LSVF
343599_MG,LSVF
343603_MG,LSVF
343606_MG,LSVF
343608_MG,LSVF
343612_MG,LSVF
343613_MG,LSVF
343616_MG,LSVF
343618_MG,LSVF
343619_MG,LSVF
343623_MG,LSVF
343625_MG,LSVF
343628_MG,LSVF
343629_MG,LSVF
343633_MG,LSVF
343636_MG,LSVF
343638_MG,LSVF
343640_MG,LSVF
343643_MG,LSVF
343647_MG,LSVF
343648_MG,LSVF
343651_MG,LSVF
343653_MG,LSVF
343654_MG,LSVF
343661_MG,LSVF
343664_MG,LSVF
343666_MG,LSVF
343669_MG,LSVF
343671_MG,LSVF
343672_MG,LSVF
343676_MG,LSVF
343677_MG,LSVF
343681_MG,LSVF
343683_MG,LSVF
343686_MG,LSVF
343688_MG,LSVF
343691_MG,LSVF
343694_MG,LSVF
343695_MG,LSVF
343699_MG,LSVF
343701_MG,LSVF
343704_MG,LSVF
343707_MG,LSVF
343709_MG,LSVF
343712_MG,LSVF
343714_MG,LSVF
343716_MG,LSVF
343719_MG,LSVF
343720_MG,LSVF
343724_MG,LSVF
343726_MG,LSVF
343729_MG,LSVF
343731_MG,LSVF
343734_MG,LSVF
343735_MG,LSVF
343744_MG,LSVF
343748_MG,LSVF
343749_MG,LSVF
343750_MG,LSVF
343754_MG,LSVF
343755_MG,LSVF
343759_MG,LSVF
343762_MG,LSVF
343764_MG,LSVF
343767_MG,LSVF
343768_MG,LSVF
343777_MG,LSVF
343780_MG,LSVF
343782_MG,LSVF
343783_MG,LSVF
343792_MG,LSVF
343795_MG,LSVF
343797_MG,LSVF
343801_MG,LSVF
343802_MG,LSVF
343806_MG,LSVF
343807_MG,LSVF
343808_MG,LSVF
343812_MG,LSVF
343815_MG,LSVF
343817_MG,LSVF
343820_MG,LSVF
343822_MG,LSVF
343826_MG,LSVF
343827_MG,LSVF
343830_MG,LSVF
343832_MG,LSVF
343838_MG,LSVF
343839_MG,LSVF
343845_MG,LSVF
343846_MG,LSVF
343850_MG,LSVF
343851_MG,LSVF
343853_MG,LSVF
343856_MG,LSVF
343859_MG,LSVF
343861_MG,LSVF
343862_MG,LSVF
343866_MG,LSVF
343869_MG,LSVF
343871_MG,LSVF
343875_MG,LSVF
343876_MG,LSVF
343879_MG,LSVF
343882_MG,LSVF
343884_MG,LSVF
343887_MG,LSVF
343889_MG,LSVF
343890_MG,LSVF
343895_MG,LSVF
343897_MG,LSVF
343900_MG,LSVF
343902_MG,LSVF
343904_MG,LSVF
343907_MG,LSVF
343910_MG,LSVF
343912_MG,LSVF
343914_MG,LSVF
343917_MG,LSVF
343920_MG,LSVF
343940_MG,LSVF
343944_MG,LSVF
343960_MG,LSVF
343963_MG,LSVF
343980_MG,LSVF
343982_MG,LSVF
343990_MG,LSVF
343991_MG,LSVF
343995_MG,LSVF
343999_MG,LSVF
344000_MG,LSVF
344001_MG,LSVF
344005_MG,LSVF
344009_MG,LSVF
344010_MG,LSVF
344013_MG,LSVF
344015_MG,LSVF
344019_MG,LSVF
344020_MG,LSVF
344021_MG,LSVF
344025_MG,LSVF
344027_MG,LSVF
344030_MG,LSVF
344032_MG,LSVF
344035_MG,LSVF
344038_MG,LSVF
344041_MG,LSVF
344043_MG,LSVF
344046_MG,LSVF
344048_MG,LSVF
344049_MG,LSVF
344054_MG,LSVF
344056_MG,LSVF
344059_MG,LSVF
344061_MG,LSVF
344062_MG,LSVF
344066_MG,LSVF
344070_MG,LSVF
344071_MG,LSVF
344076_MG,LSVF
344078_MG,LSVF
344081_MG,LSVF
344082_MG,LSVF
344086_MG,LSVF
344088_MG,LSVF
344091_MG,LSVF
344095_MG,LSVF
344098_MG,LSVF
344102_MG,LSVF
344105_MG,LSVF
344109_MG,LSVF
344114_MG,LSVF
344118_MG,LSVF
344119_MG,LSVF
344121_MG,LSVF
344124_MG,LSVF
344125_MG,LSVF
344129_MG,LSVF
344130_MG,LSVF
344134_MG,LSVF
344135_MG,LSVF
344139_MG,LSVF
344140_MG,LSVF
344144_MG,LSVF
344145_MG,LSVF
348298_MG,LSVF
MG_0052RFLQV1,XPENN
MG_0139RFLQV1,XPENN
MG_0183RFLQV1,XPENN
MG_0226RFLQV1,XPENN
MG_0254RFLQV1,XPENN
MG_0262RFLQV1,XPENN
MG_0269RFLQV1,XPENN
MG_0273RFLQV1,XPENN
MG_0277RFLQV1,XPENN
MG_0279RFLQV1,XPENN
MG_0283AFLQV1,XPENN
MG_0285RFLQV1,XPENN
MG_0295RFLQV1,XPENN
MG_0321RFLQV1,XPENN
MG_0325RFLQV1,XPENN
MG_0330RFLQV1,XPENN
MG_0338RFLQV1,XPENN
MG_0342RFLQV1,XPENN
MG_0345RFLQV1,XPENN
MG_0350RFLQV1,XPENN
MG_0365RFLQV1,XPENN
MG_0371RFLQV1,XPENN
MG_0383RFLQV1,XPENN
MG_0384RFLQV1,XPENN
MG_0387RFLQV1,XPENN
MG_0388RFLQV1,XPENN
MG_0400RFLQV1,XPENN
MG_0403RFLQV1,XPENN
MG_0406RFLQV1,XPENN
MG_0407RFLQV1,XPENN
MG_0411RFLQV1,XPENN
MG_0412RFLQV1,XPENN
MG_0419RFLQV1,XPENN
MG_0422RFLQV1,XPENN
MG_0426RFLQV1,XPENN
MG_0431RFLQV1,XPENN
MG_0440RFLQV1,XPENN
MG_0449RFLQV1,XPENN
MG_0450RFLQV1,XPENN
MG_0451RFLQV1,XPENN
MG_0455RFLQV1,XPENN
MG_0457RFLQV1,XPENN
MG_0462RFLQV1,XPENN
MG_0466RFLQV1,XPENN
MG_0470RFLQV1,XPENN
MG_0471RFLQV1,XPENN
MG_0481RFLQV1,XPENN
MG_0482RFLQV1,XPENN
MG_0484RFLQV1,XPENN
MG_0490RFLQV1,XPENN
MG_0491RFLQV1,XPENN
MG_0494RFLQV1,XPENN
MG_0497RFLQV1,XPENN
MG_0503RFLQV1,XPENN
MG_0505RFLQV1,XPENN
MG_0509RFLQV1,XPENN
MG_0521RFLQV1,XPENN
MG_0526RFLQV1,XPENN
MG_0532RFLQV1,XPENN
MG_0533RFLQV1,XPENN
MG_0537RFLQV1,XPENN
MG_0542RFLQV1,XPENN
MG_0545RFLQV1,XPENN
MG_0555RFLQV1,XPENN
MG_0557RFLQV1,XPENN
MG_0563RFLQV1,XPENN
MG_0573RFLQV1,XPENN
MG_0574RFLQV1,XPENN
MG_0577RFLQV1,XPENN
MG_0580RFLQV1,XPENN
MG_0600RFLQV1,XPENN
MG_0602RFLQV1,XPENN
MG_0616RFLQV1,XPENN
MG_0620RFLQV1,XPENN
MG_0624RFLQV1,XPENN
MG_0626RFLQV1,XPENN
MG_0631RFLQV1,XPENN
MG_0632RFLQV1,XPENN
MG_0633RFLQV1,XPENN
MG_0634RFLQV1,XPENN
MG_0635RFLQV1,XPENN
MG_0639RFLQV1,XPENN
MG_0642RFLQV1,XPENN
MG_0644RFLQV1,XPENN
MG_0645RFLQV1,XPENN
MG_0648RFLQV1,XPENN
MG_0650RFLQV1,XPENN
MG_0653RFLQV1,XPENN
MG_0663RFLQV1,XPENN
MG_0665RFLQV1,XPENN
MG_0671RFLQV1,XPENN
MG_0674RFLQV1,XPENN
MG_0687RFLQV1,XPENN
MG_0698RFLQV1,XPENN
MG_0699RFLQV1,XPENN
MG_0718RFLQV1,XPENN
MG_0733RFLQV1,XPENN
MG_0779RFLQV1,XPENN
MG_0787RFLQV1,XPENN
MG_0801RFLQV1,XPENN
MG_0806RFLQV1,XPENN
MG_0808RFLQV1,XPENN
MG_0818RFLQV1,XPENN
MG_0835RFLQV1,XPENN
MG_0841RFLQV1,XPENN
MG_0845RFLQV1,XPENN
MG_0846RFLQV1,XPENN
MG_0857RFLQV1,XPENN
MG_0867RFLQV1,XPENN
MG_0869RFLQV1,XPENN
MG_0879RFLQV1,XPENN
MG_0930RFLQV1,XPENN
MG_0942RFLQV1,XPENN
MG_0960RFLQV1,XPENN
MG_0962RFLQV1,XPENN
MG_0963RFLQV1,XPENN
MG_0969RFLQV1,XPENN
MG_0996RFLQV1,XPENN
MG_1005RFLQV1,XPENN
MG_1009RFLQV1,XPENN
MG_1020RFLQV1,XPENN
MG_1023RFLQV1,XPENN
MG_1024RFLQV1,XPENN
MG_1050901179,Gates-Stanford
MG_1050901209,Gates-Stanford
MG_1050901239,Gates-Stanford
MG_1050901289,Gates-Stanford
MG_1050901329,Gates-Stanford
MG_1052RFLQV1,XPENN
MG_1058RFLQV1,XPENN
MG_1060901199,Gates-Stanford
MG_1060901239,VMRC
MG_1060901269,Gates-Stanford
MG_1060901339,VMRC
MG_1061301149,Gates-Stanford
MG_1061301189,Gates-Stanford
MG_1061301229,Gates-Stanford
MG_1061301269,Gates-Stanford
MG_1061301329,Gates-Stanford
MG_1062101149,Gates-Stanford
MG_1062101189,Gates-Stanford
MG_1062101239,Gates-Stanford
MG_1062101299,Gates-Stanford
MG_1062101359,Gates-Stanford
MG_1062201159,Gates-Stanford
MG_1062201199,Gates-Stanford
MG_1062201239,Gates-Stanford
MG_1062201329,Gates-Stanford
MG_1062201379,Gates-Stanford
MG_1062501159,Gates-Stanford
MG_1062501199,Gates-Stanford
MG_1062501239,Gates-Stanford
MG_1062501279,Gates-Stanford
MG_1062501369,Gates-Stanford
MG_1063001159,Gates-Stanford
MG_1063001239,Gates-Stanford
MG_1063001279,Gates-Stanford
MG_1063001329,Gates-Stanford
MG_1063001369,Gates-Stanford
MG_1063101119,Gates-Stanford
MG_1063101199,Gates-Stanford
MG_1063101279,VMRC
MG_1063101369,Gates-Stanford
MG_1063201159,Gates-Stanford
MG_1063201209,Gates-Stanford
MG_1063201249,Gates-Stanford
MG_1063201329,Gates-Stanford
MG_1063201369,Gates-Stanford
MG_1063601119,Gates-Stanford
MG_1063601179,Gates-Stanford
MG_1063601319,Gates-Stanford
MG_1063601359,Gates-Stanford
MG_1085RFLQV1,XPENN
MG_1086RFLQV1,XPENN
MG_1116RFLQV1,XPENN
MG_112477,Gates-UMD
MG_112541,Gates-UMD
MG_112597,Gates-UMD
MG_112797,Gates-UMD
MG_112861,Gates-UMD
MG_112917,Gates-UMD
MG_113289,Gates-UMD
MG_113357,Gates-UMD
MG_113597,Gates-UMD
MG_113633,Gates-UMD
MG_113717,Gates-UMD
MG_113757,Gates-UMD
MG_113853,Gates-UMD
MG_114069,Gates-UMD
MG_114141,Gates-UMD
MG_114193,Gates-UMD
MG_114717,Gates-UMD
MG_114765,Gates-UMD
MG_114845,Gates-UMD
MG_1167RFLQV1,XPENN
MG_1213RFLQV1,XPENN
MG_1215RFLQV1,XPENN
MG_1238RPAPV1A1,XPENN
MG_1269RFLQV1,XPENN
MG_1286RFLQV1,XPENN
MG_1319RFLQV1,XPENN
MG_1327RFLQV1,XPENN
MG_1333RFLQV1,XPENN
MG_1368RFLQV1,XPENN
MG_1386RFLQV1,XPENN
MG_1392RFLQV1,XPENN
MG_1416RFLQV1,XPENN
MG_1425RFLQV1,XPENN
MG_1429RFLQV1,XPENN
MG_1430RFLQV1,XPENN
MG_1431RFLQV1,XPENN
MG_1469RFLQV1,XPENN
MG_1494RFLQV1,XPENN
MG_1540RFLQV1,XPENN
MG_1546RFLQV1,XPENN
MG_1567RFLQV1,XPENN
MG_1578RFLQV1,XPENN
MG_1588RFLQV1,XPENN
MG_1601RFLQV1,XPENN
MG_1618RFLQV1,XPENN
MG_1665RFLQV1,XPENN
MG_1696RFLQV1,XPENN
MG_1713RFLQV1,XPENN
MG_1721RFLQV1,XPENN
MG_1727RFLQV1,XPENN
MG_174564,Gates-UMD
MG_174566,Symptoms
MG_174616,Gates-UMD
MG_174631b,Symptoms
MG_174708,Gates-UMD
MG_174722,Symptoms
MG_174738,Symptoms
MG_174758,Symptoms
MG_174947,Symptoms
MG_174962,Symptoms
MG_174970,Symptoms
MG_174982,Symptoms
MG_175034,Symptoms
MG_175058,Symptoms
MG_175074,Symptoms
MG_175228,Gates-UMD
MG_175260,Gates-UMD
MG_175318,Symptoms
MG_175332,Gates-UMD
MG_175334b,Symptoms
MG_175380,Gates-UMD
MG_175390,Symptoms
MG_175414,Symptoms
MG_175443,Symptoms
MG_175476,Gates-UMD
MG_175831b,Symptoms
MG_175836,Gates-UMD
MG_175878,Symptoms
MG_175896,Gates-UMD
MG_175980,Gates-UMD
MG_176020,Gates-UMD
MG_176076,Gates-UMD
MG_176094,Symptoms
MG_176118,Symptoms
MG_176138,Symptoms
MG_176541,Symptoms
MG_176565,Symptoms
MG_176573,Symptoms
MG_176621,Symptoms
MG_176621_b,Symptoms
MG_176747,Gates-UMD
MG_176795,Gates-UMD
MG_176862,Symptoms
MG_176873,Symptoms
MG_176887,Gates-UMD
MG_177065,Symptoms
MG_177093,Symptoms
MG_177129,Symptoms
MG_177177,Symptoms
MG_177694,Symptoms
MG_177707,Gates-UMD
MG_177750,Symptoms
MG_177783,Symptoms
MG_177847,Gates-UMD
MG_177853,Symptoms
MG_177877,Symptoms
MG_177883,Symptoms
MG_177897,Symptoms
MG_177947,Gates-UMD
MG_178085,Symptoms
MG_178113_b,Symptoms
MG_178137_b,Symptoms
MG_178333,Symptoms
MG_178381,Symptoms
MG_178553,Symptoms
MG_178585,Symptoms
MG_178625,Symptoms
MG_178839,Gates-UMD
MG_178903,Gates-UMD
MG_178955,Gates-UMD
MG_179165,Symptoms
MG_179189,Symptoms
MG_179205,Symptoms
MG_179229,Symptoms
MG_181071,Gates-UMD
MG_181081,Symptoms
MG_181105,Symptoms
MG_181135,Gates-UMD
MG_181145,Symptoms
MG_181153,Symptoms
MG_181177,Symptoms
MG_181185,Symptoms
MG_181198,Symptoms
MG_1811RFLQV1,XPENN
MG_181230,Symptoms
MG_181238,Symptoms
MG_181246,Symptoms
MG_181261,Symptoms
MG_1814RFLQV1,XPENN
MG_181597,Symptoms
MG_181629,Symptoms
MG_181657,Symptoms
MG_181711,Gates-UMD
MG_181775,Gates-UMD
MG_181819,Gates-UMD
MG_181871,Gates-UMD
MG_181935,Gates-UMD
MG_182339,Gates-UMD
MG_182427,Gates-UMD
MG_182447,Gates-UMD
MG_1831RFLQV1,XPENN
MG_183668,Gates-UMD
MG_183700,Gates-UMD
MG_183757,Symptoms
MG_183805,Symptoms
MG_1850RFLQV1,XPENN
MG_185190,Symptoms
MG_185218,Symptoms
MG_185238,Symptoms
MG_185251,Gates-UMD
MG_185275,Gates-UMD
MG_185347,Gates-UMD
MG_185395,Gates-UMD
MG_185475,Gates-UMD
MG_186304,Gates-UMD
MG_186360,Gates-UMD
MG_186424,Gates-UMD
MG_186472,Gates-UMD
MG_186552,Gates-UMD
MG_186655,Gates-UMD
MG_186711,Gates-UMD
MG_186783,Gates-UMD
MG_186830b,Symptoms
MG_186847,Gates-UMD
MG_186854,Symptoms
MG_186885,Symptoms
MG_186911,Gates-UMD
MG_187184,Symptoms
MG_187220,Symptoms
MG_187252,Symptoms
MG_187377,Gates-UMD
MG_187405,Gates-UMD
MG_187469,Gates-UMD
MG_187757,Symptoms
MG_188156,Symptoms
MG_188249,Gates-UMD
MG_188297,Gates-UMD
MG_188537,Symptoms
MG_188613,Symptoms
MG_1890RFLQV1,XPENN
MG_189407,Gates-UMD
MG_189534,Gates-UMD
MG_189598,Gates-UMD
MG_189662,Gates-UMD
MG_189739,Symptoms
MG_189760,Symptoms
MG_189771,Symptoms
MG_190344,Symptoms
MG_190788,Gates-UMD
MG_190852,Gates-UMD
MG_191387,Symptoms
MG_191407,Symptoms
MG_191495,Symptoms
MG_191686,Symptoms
MG_191690,Symptoms
MG_191734,Symptoms
MG_1921RFLQV1,XPENN
MG_192430,Gates-UMD
MG_192484,Symptoms
MG_192494,Gates-UMD
MG_192512,Symptoms
MG_192540,Symptoms
MG_192558,Gates-UMD
MG_192622,Gates-UMD
MG_192686,Gates-UMD
MG_193122b,Symptoms
MG_193170,Symptoms
MG_193494,Symptoms
MG_193518,Symptoms
MG_193537,Symptoms
MG_193549,Symptoms
MG_193573_b,Symptoms
MG_193837b,Symptoms
MG_193866,Gates-UMD
MG_193884,Symptoms
MG_193930,Gates-UMD
MG_193970,Gates-UMD
MG_194058,Gates-UMD
MG_194122,Gates-UMD
MG_194227,Symptoms
MG_194255,Symptoms
MG_194275,Symptoms
MG_194714,Symptoms
MG_194735b,Symptoms
MG_194758,Symptoms
MG_194945,Symptoms
MG_194993,Symptoms
MG_195290,Gates-UMD
MG_195374,Gates-UMD
MG_195430,Gates-UMD
MG_195506,Gates-UMD
MG_195566,Gates-UMD
MG_195672,Symptoms
MG_195711,Symptoms
MG_195739,Symptoms
MG_195767,Symptoms
MG_195843,Symptoms
MG_195891,Symptoms
MG_195939,Symptoms
MG_196356,Symptoms
MG_196401,Symptoms
MG_197067,Symptoms
MG_197078,Symptoms
MG_197099,Symptoms
MG_198165,Gates-UMD
MG_198203,Symptoms
MG_198223,Symptoms
MG_198237,Gates-UMD
MG_198279,Symptoms
MG_198301,Gates-UMD
MG_198365,Gates-UMD
MG_198437,Gates-UMD
MG_199095,Gates-UMD
MG_199147,Gates-UMD
MG_199199,Gates-UMD
MG_1992RFLQV1,XPENN
MG_199350,Symptoms
MG_199358,Symptoms
MG_1993RFLQV1,XPENN
MG_199414,Symptoms
MG_199723,Symptoms
MG_199743,Symptoms
MG_199767b,Symptoms
MG_20_00135_05,PreSSMat
MG_20_00144_05,PreSSMat
MG_20_00145_05,PreSSMat
MG_20_00182_05B,PreSSMat
MG_20_00218_05,PreSSMat
MG_20_00835_05,PreSSMat
MG_20_00850_05,PreSSMat
MG_20_00857_05,PreSSMat
MG_20_00860_05,PreSSMat
MG_20_00880_05,PreSSMat
MG_20_00889_05,PreSSMat
MG_20_00891_05,PreSSMat
MG_20_00897_05,PreSSMat
MG_20_00905_05,PreSSMat
MG_20_00908_05,PreSSMat
MG_20_00911_05,PreSSMat
MG_20_00918_05,PreSSMat
MG_20_01129_05,PreSSMat
MG_20_01134_05,PreSSMat
MG_20_01147_05,PreSSMat
MG_20_01149_05,PreSSMat
MG_20_01151_05,PreSSMat
MG_20_01167_05,PreSSMat
MG_20_01168_05,PreSSMat
MG_20_01175_05,PreSSMat
MG_20_01181_05,PreSSMat
MG_20_01962_05,PreSSMat
MG_20_02009_05,PreSSMat
MG_20_02044_05,PreSSMat
MG_20_02090_05,PreSSMat
MG_20_02097_05,PreSSMat
MG_20_02213_05,PreSSMat
MG_20_02219_05,PreSSMat
MG_20_02225_05,PreSSMat
MG_20_02249_05,PreSSMat
MG_20_02251_05,PreSSMat
MG_20_02283_05,PreSSMat
MG_20_02288_05,PreSSMat
MG_20_02836_05,PreSSMat
MG_20_02843_05,PreSSMat
MG_20_02860_05,PreSSMat
MG_20_02863_05,PreSSMat
MG_20_02882_05,PreSSMat
MG_20_02886_05,PreSSMat
MG_20_02909_05,PreSSMat
MG_20_02916_05,PreSSMat
MG_20_02922_05,PreSSMat
MG_20_02944_05,PreSSMat
MG_20_02947_05,PreSSMat
MG_20_02950_05,PreSSMat
MG_20_02981_05,PreSSMat
MG_20_02985_05,PreSSMat
MG_20_02992_05,PreSSMat
MG_20_03024_05,PreSSMat
MG_20_03216_05,PreSSMat
MG_20_03231_05,PreSSMat
MG_20_03235_05,PreSSMat
MG_20_03299_05,PreSSMat
MG_20_03315_05,PreSSMat
MG_20_03329_05,PreSSMat
MG_20_03344_05,PreSSMat
MG_20_03360_05,PreSSMat
MG_20_03395_05,PreSSMat
MG_20_20057_05B,PreSSMat
MG_20_20061_05,PreSSMat
MG_20_20097_05,PreSSMat
MG_20_20114_05,PreSSMat
MG_20_20133_05,PreSSMat
MG_20_20554_05,PreSSMat
MG_20_20583_05,PreSSMat
MG_20_20626_05,PreSSMat
MG_20_20651_05,PreSSMat
MG_20_20668_05,PreSSMat
MG_20_20670_05,PreSSMat
MG_20_20671_05,PreSSMat
MG_20_20681_05,PreSSMat
MG_20_21179_05,PreSSMat
MG_20_21193_05,PreSSMat
MG_20_21221_05,PreSSMat
MG_20_21249_05,PreSSMat
MG_20_21250_05,PreSSMat
MG_20_21458_05,PreSSMat
MG_20_21469_05,PreSSMat
MG_20_21496_05,PreSSMat
MG_20_21528_05,PreSSMat
MG_20_21536_05,PreSSMat
MG_20_21552_05,PreSSMat
MG_20_21568_05,PreSSMat
MG_20_21569_05,PreSSMat
MG_20_21652_05,PreSSMat
MG_20_21704_05,PreSSMat
MG_20_22432_05,PreSSMat
MG_20_22461_05,PreSSMat
MG_20_22498_05,PreSSMat
MG_20_22636_05,PreSSMat
MG_20_22645_05,PreSSMat
MG_20_22647_05,PreSSMat
MG_20_22693_05,PreSSMat
MG_20_22726_05,PreSSMat
MG_20_22745_05,PreSSMat
MG_20_22752_05,PreSSMat
MG_20_22792_05,PreSSMat
MG_20_22795_05,PreSSMat
MG_20_22796_05,PreSSMat
MG_20_23527_05,PreSSMat
MG_20_24069_05,PreSSMat
MG_20_24077_05,PreSSMat
MG_20_24098_05,PreSSMat
MG_20_24174_05,PreSSMat
MG_20_24187_05,PreSSMat
MG_20_24190_05,PreSSMat
MG_20_24195_05,PreSSMat
MG_20_24196_05,PreSSMat
MG_20_24213_05,PreSSMat
MG_20_24937_05,PreSSMat
MG_20_24945_05,PreSSMat
MG_20_25060_05,PreSSMat
MG_20_25067_05,PreSSMat
MG_20_25076_05,PreSSMat
MG_20_25123_05,PreSSMat
MG_20_25344_05,PreSSMat
MG_20_25347_05,PreSSMat
MG_20_25715_05,PreSSMat
MG_20_26056_05,PreSSMat
MG_20_26067_05,PreSSMat
MG_20_26117_05,PreSSMat
MG_20_26241_05,PreSSMat
MG_20_26264_05,PreSSMat
MG_20_26296_05,PreSSMat
MG_20_26661_05,PreSSMat
MG_20_26662_05,PreSSMat
MG_20_26674_05,PreSSMat
MG_20_26723_05,PreSSMat
MG_20_26747_05,PreSSMat
MG_20_26801_05,PreSSMat
MG_20_26808_05,PreSSMat
MG_20_27473_05,PreSSMat
MG_20_27508_05,PreSSMat
MG_20_27513_05,PreSSMat
MG_20_27526_05,PreSSMat
MG_20_27535_05,PreSSMat
MG_20_27789_05,PreSSMat
MG_20_27798_05,PreSSMat
MG_20_27827_05,PreSSMat
MG_20_28082_05,PreSSMat
MG_20_28103_05,PreSSMat
MG_20_28256_05,PreSSMat
MG_20_28272_05,PreSSMat
MG_20_28273_05,PreSSMat
MG_20_28289_05,PreSSMat
MG_20_28306_05,PreSSMat
MG_20_28332_05,PreSSMat
MG_20_28568_05,PreSSMat
MG_20_28585_05,PreSSMat
MG_20_28603_05,PreSSMat
MG_20_28604_05,PreSSMat
MG_20_28642_05,PreSSMat
MG_20_28852_05,PreSSMat
MG_20_28859_05,PreSSMat
MG_20_28861_05,PreSSMat
MG_20_28919_05,PreSSMat
MG_20_28938_05,PreSSMat
MG_20_28941_05,PreSSMat
MG_20_29154_05,PreSSMat
MG_20_29187_05,PreSSMat
MG_20_29208_05,PreSSMat
MG_20_29237_05,PreSSMat
MG_20_29671_05,PreSSMat
MG_20_29680_05,PreSSMat
MG_20_29702_05,PreSSMat
MG_20_29706_05,PreSSMat
MG_20_29729_05,PreSSMat
MG_20_29775_05,PreSSMat
MG_20_29819_05,PreSSMat
MG_20_29847_05,PreSSMat
MG_20_30157_05,PreSSMat
MG_20_30191_05,PreSSMat
MG_20_30205_05,PreSSMat
MG_20_30211_05,PreSSMat
MG_20_30219_05,PreSSMat
MG_20_30230_05,PreSSMat
MG_20_30293_05,PreSSMat
MG_20_30326_05,PreSSMat
MG_20_30332_05,PreSSMat
MG_20_30761_05,PreSSMat
MG_20_30764_05,PreSSMat
MG_20_30765_05,PreSSMat
MG_20_30766_05,PreSSMat
MG_20_30768_05,PreSSMat
MG_20_30777_05,PreSSMat
MG_20_30794_05,PreSSMat
MG_20_30812_05,PreSSMat
MG_20_31340_05,PreSSMat
MG_20_31354_05,PreSSMat
MG_20_31359_05,PreSSMat
MG_20_31372_05,PreSSMat
MG_20_31380_05,PreSSMat
MG_20_31402_05B,PreSSMat
MG_20_31418_05,PreSSMat
MG_20_31427_05,PreSSMat
MG_20_31449_05,PreSSMat
MG_20_31823_05,PreSSMat
MG_20_31843_05,PreSSMat
MG_20_31867_05,PreSSMat
MG_20_31874_05,PreSSMat
MG_20_31894_05,PreSSMat
MG_20_32224_05,PreSSMat
MG_20_32246_05,PreSSMat
MG_20_32284_05,PreSSMat
MG_20_32308_05,PreSSMat
MG_20_32380_05,PreSSMat
MG_20_32703_05,PreSSMat
MG_20_32729_05,PreSSMat
MG_20_32780_05,PreSSMat
MG_20_32784_05,PreSSMat
MG_20_32789_05,PreSSMat
MG_20_33063_05,PreSSMat
MG_20_33136_05,PreSSMat
MG_20_33278_05,PreSSMat
MG_20_33286_05,PreSSMat
MG_20_33341_05,PreSSMat
MG_20_33954_05,PreSSMat
MG_20_33961_05,PreSSMat
MG_20_34036_05,PreSSMat
MG_20_34061_05,PreSSMat
MG_20_34129_05,PreSSMat
MG_20_34639_05,PreSSMat
MG_20_34686_05,PreSSMat
MG_20_34693_05,PreSSMat
MG_20_35051_05B,PreSSMat
MG_20_35092_05,PreSSMat
MG_20_35147_05,PreSSMat
MG_20_35226_05,PreSSMat
MG_20_35305_05,PreSSMat
MG_20_35309_05,PreSSMat
MG_20_35319_05,PreSSMat
MG_20_35324_05,PreSSMat
MG_20_35346_05,PreSSMat
MG_20_35903_05,PreSSMat
MG_20_35904_05,PreSSMat
MG_20_35927_05,PreSSMat
MG_20_35948_05,PreSSMat
MG_20_36002_05,PreSSMat
MG_20_36046_05,PreSSMat
MG_20_36068_05,PreSSMat
MG_20_36081_05,PreSSMat
MG_20_36085_05,PreSSMat
MG_20_36087_05,PreSSMat
MG_20_36096_05,PreSSMat
MG_20_36105_05,PreSSMat
MG_20_36233_05,PreSSMat
MG_20_36901_05,PreSSMat
MG_20_36933_05,PreSSMat
MG_20_37690_05,PreSSMat
MG_20_37725_05,PreSSMat
MG_20_37735_05,PreSSMat
MG_20_37775_05,PreSSMat
MG_20_37803_05,PreSSMat
MG_20_37806_05,PreSSMat
MG_20_37807_05,PreSSMat
MG_20_38469_05,PreSSMat
MG_20_38531_05,PreSSMat
MG_20_38613_05,PreSSMat
MG_20_38654_05,PreSSMat
MG_20_38705_05,PreSSMat
MG_20_38712_05,PreSSMat
MG_20_38716_05,PreSSMat
MG_20_38719_05,PreSSMat
MG_20_38749_05,PreSSMat
MG_20_39707_05,PreSSMat
MG_20_39711_05,PreSSMat
MG_20_39722_05,PreSSMat
MG_20_39743_05,PreSSMat
MG_20_39772_05,PreSSMat
MG_20_39787_05,PreSSMat
MG_20_39868_05,PreSSMat
MG_20_39899_05,PreSSMat
MG_20_39900_05,PreSSMat
MG_20_39913_05,PreSSMat
MG_20_40708_05,PreSSMat
MG_20_40725_05,PreSSMat
MG_20_40741_05,PreSSMat
MG_20_40757_05,PreSSMat
MG_20_40767_05,PreSSMat
MG_20_40768_05,PreSSMat
MG_20_40772_05,PreSSMat
MG_20_40779_05,PreSSMat
MG_20_40786_05,PreSSMat
MG_20_40789_05,PreSSMat
MG_20_40797_05,PreSSMat
MG_20_40798_05,PreSSMat
MG_20_40800_05,PreSSMat
MG_20_40905_05,PreSSMat
MG_20_40913_05,PreSSMat
MG_20_40916_05,PreSSMat
MG_20_40927_05,PreSSMat
MG_20_40942_05,PreSSMat
MG_20_40943_05,PreSSMat
MG_20_40945_05,PreSSMat
MG_20_40946_05,PreSSMat
MG_20_40947_05,PreSSMat
MG_20_40948_05,PreSSMat
MG_20_40954_05,PreSSMat
MG_20_40956_05,PreSSMat
MG_20_40959_05,PreSSMat
MG_20_40960_05,PreSSMat
MG_20_40967_05,PreSSMat
MG_20_40971_05,PreSSMat
MG_20_40972_05,PreSSMat
MG_20_40973_05,PreSSMat
MG_20_40978_05,PreSSMat
MG_20_40980_05,PreSSMat
MG_20_40982_05,PreSSMat
MG_20_40983_05,PreSSMat
MG_20_40984_05,PreSSMat
MG_20_40985_05,PreSSMat
MG_20_40986_05,PreSSMat
MG_20_40991_05,PreSSMat
MG_20_40993_05,PreSSMat
MG_20_41201_05,PreSSMat
MG_20_41204_05,PreSSMat
MG_20_41213_05,PreSSMat
MG_20_41220_05,PreSSMat
MG_20_41234_05,PreSSMat
MG_20_41236_05,PreSSMat
MG_20_41239_05,PreSSMat
MG_20_41262_05,PreSSMat
MG_20_41267_05,PreSSMat
MG_20_41284_05,PreSSMat
MG_20_41294_05,PreSSMat
MG_20_41853_05,PreSSMat
MG_20_41865_05,PreSSMat
MG_20_41867_05,PreSSMat
MG_20_41889_05,PreSSMat
MG_20_41890_05,PreSSMat
MG_20_41898_05,PreSSMat
MG_20_41900_05,PreSSMat
MG_20_41914_05,PreSSMat
MG_20_41921_05,PreSSMat
MG_20_41959_05,PreSSMat
MG_20_41995_05,PreSSMat
MG_20_42030_05,PreSSMat
MG_20_42166_05,PreSSMat
MG_20_42222_05,PreSSMat
MG_20_42229_05,PreSSMat
MG_20_43053_05,PreSSMat
MG_20_43066_05,PreSSMat
MG_20_43070_05,PreSSMat
MG_20_43080_05,PreSSMat
MG_20_43105_05,PreSSMat
MG_20_43120_05,PreSSMat
MG_20_43167_05,PreSSMat
MG_20_43225_05,PreSSMat
MG_20_43253_05,PreSSMat
MG_20_43280_05,PreSSMat
MG_20_43288_05,PreSSMat
MG_20_43327_05,PreSSMat
MG_20_44202_05,PreSSMat
MG_20_44227_05,PreSSMat
MG_20_44231_05,PreSSMat
MG_20_44240_05,PreSSMat
MG_20_44250_05,PreSSMat
MG_20_44315_05,PreSSMat
MG_20_44318_05,PreSSMat
MG_20_44367_05,PreSSMat
MG_20_44374_05,PreSSMat
MG_20_44393_05,PreSSMat
MG_20_44405_05,PreSSMat
MG_20_44467_05,PreSSMat
MG_20_44907_05,PreSSMat
MG_20_44911_05,PreSSMat
MG_20_44961_05,PreSSMat
MG_20_45461_05,PreSSMat
MG_20_45464_05,PreSSMat
MG_20_45477_05,PreSSMat
MG_20_45479_05,PreSSMat
MG_20_45487_05,PreSSMat
MG_20_45509_05,PreSSMat
MG_20_45514_05,PreSSMat
MG_20_45558_05,PreSSMat
MG_20_45560_05,PreSSMat
MG_20_45600_05,PreSSMat
MG_20_46742_05,PreSSMat
MG_20_46895_05,PreSSMat
MG_20_46900_05,PreSSMat
MG_20_46924_05,PreSSMat
MG_20_46936_05,PreSSMat
MG_20_46937_05,PreSSMat
MG_20_46949_05,PreSSMat
MG_20_46985_05,PreSSMat
MG_20_47015_05,PreSSMat
MG_20_47027_05,PreSSMat
MG_20_47033_05B,PreSSMat
MG_20_47036_05,PreSSMat
MG_20_47049_05,PreSSMat
MG_20_47899_05,PreSSMat
MG_20_47928_05,PreSSMat
MG_20_47955_05,PreSSMat
MG_20_47959_05,PreSSMat
MG_20_48023_05,PreSSMat
MG_20_48033_05,PreSSMat
MG_20_48093_05,PreSSMat
MG_20_48099_05,PreSSMat
MG_20_49325_05,PreSSMat
MG_20_49329_05,PreSSMat
MG_20_49381_05,PreSSMat
MG_20_49386_05,PreSSMat
MG_20_49411_05,PreSSMat
MG_20_49492_05,PreSSMat
MG_20_49500_05,PreSSMat
MG_20_49549_05,PreSSMat
MG_20_49569_05B,PreSSMat
MG_20_49597_05,PreSSMat
MG_200714,Symptoms
MG_200766,Symptoms
MG_200771,Symptoms
MG_2009001159,Gates-Stanford
MG_2009001209,Gates-Stanford
MG_2009001269,Gates-Stanford
MG_2009001309,Gates-Stanford
MG_2009001379,Gates-Stanford
MG_200930,Symptoms
MG_200942,Symptoms
MG_200966,Symptoms
MG_202050,Symptoms
MG_202098,Symptoms
MG_202828,Symptoms
MG_202852,Symptoms
MG_202872,Symptoms
MG_203059,Gates-UMD
MG_203077,Symptoms
MG_203101,Symptoms
MG_203123,Symptoms
MG_203125,Symptoms
MG_203187,Gates-UMD
MG_203251,Gates-UMD
MG_203323,Gates-UMD
MG_203703,Symptoms
MG_203751,Symptoms
MG_205081,Gates-UMD
MG_205117,Gates-UMD
MG_205183,Symptoms
MG_205209,Gates-UMD
MG_205223,Symptoms
MG_205243,Symptoms
MG_205281,Gates-UMD
MG_205311,Symptoms
MG_205335,Symptoms
MG_205337,Gates-UMD
MG_205367,Symptoms
MG_205763,Gates-UMD
MG_205819,Gates-UMD
MG_205915,Gates-UMD
MG_205939,Gates-UMD
MG_206015,Gates-UMD
MG_206737,Symptoms
MG_206752,Symptoms
MG_206776,Symptoms
MG_206786,Gates-UMD
MG_206830,Gates-UMD
MG_206894,Gates-UMD
MG_206958,Gates-UMD
MG_207030,Gates-UMD
MG_208096,Symptoms
MG_208120,Symptoms
MG_208144,Symptoms
MG_208168,Symptoms
MG_208192,Symptoms
MG_208442,Symptoms
MG_208465,Symptoms
MG_208485,Symptoms
MG_208759,Symptoms
MG_208792,Symptoms
MG_208806,Symptoms
MG_208856,Gates-UMD
MG_208920,Gates-UMD
MG_208972,Gates-UMD
MG_209048,Gates-UMD
MG_209436,Symptoms
MG_209480,Symptoms
MG_209873,Symptoms
MG_209897,Symptoms
MG_209933,Symptoms
MG_210294,Symptoms
MG_210314,Symptoms
MG_210338,Symptoms
MG_210473,Symptoms
MG_210545,Symptoms
MG_210601,Gates-UMD
MG_210665,Gates-UMD
MG_210721,Gates-UMD
MG_210780,Symptoms
MG_210808,Symptoms
MG_210852,Symptoms
MG_210916,Symptoms
MG_210948,Symptoms
MG_211472,Gates-UMD
MG_211528,Gates-UMD
MG_211592,Gates-UMD
MG_211656,Gates-UMD
MG_211740,Gates-UMD
MG_213335,Gates-UMD
MG_213391,Gates-UMD
MG_213562,Gates-UMD
MG_213626,Gates-UMD
MG_213746,Gates-UMD
MG_213818,Gates-UMD
MG_217355,Symptoms
MG_217380,Symptoms
MG_217403,Symptoms
MG_217641,Symptoms
MG_217688,Symptoms
MG_218318,Symptoms
MG_218366,Symptoms
MG_218655,Symptoms
MG_218679,Symptoms
MG_218704,Symptoms
MG_218723,Symptoms
MG_219018,Gates-UMD
MG_219082,Gates-UMD
MG_219130,Gates-UMD
MG_219210,Gates-UMD
MG_219274,Gates-UMD
MG_219662,Symptoms
MG_219675,Symptoms
MG_219682,Symptoms
MG_219706,Symptoms
MG_220366,Gates-UMD
MG_220430,Gates-UMD
MG_220502,Gates-UMD
MG_220558,Gates-UMD
MG_220638,Gates-UMD
MG_221439,Symptoms
MG_221459,Symptoms
MG_221476,Symptoms
MG_222093,Symptoms
MG_222121b,Symptoms
MG_222129b,Symptoms
MG_222161b,Symptoms
MG_222197,Symptoms
MG_222253,Symptoms
MG_222297,Symptoms
MG_222359,Symptoms
MG_222388,Gates-UMD
MG_222406,Symptoms
MG_222420,Gates-UMD
MG_222476,Gates-UMD
MG_222548,Gates-UMD
MG_222636,Gates-UMD
MG_222695,Symptoms
MG_222717,Gates-UMD
MG_222743,Symptoms
MG_222781,Gates-UMD
MG_222845,Gates-UMD
MG_222921,Gates-UMD
MG_222973,Gates-UMD
MG_223370,Symptoms
MG_223399,Gates-UMD
MG_223417,Symptoms
MG_223417_b,Symptoms
MG_223463,Gates-UMD
MG_223527,Gates-UMD
MG_223591,Gates-UMD
MG_223655,Gates-UMD
MG_223715,Symptoms
MG_223754,Symptoms
MG_224059,Symptoms
MG_224083,Symptoms
MG_224107,Symptoms
MG_224410,Gates-UMD
MG_224458,Gates-UMD
MG_224506,Gates-UMD
MG_224558,Gates-UMD
MG_224658,Gates-UMD
MG_224917,Symptoms
MG_224941,Symptoms
MG_224961,Symptoms
MG_225090,Symptoms
MG_225118,Symptoms
MG_225126,Symptoms
MG_225150,Symptoms
MG_225729,Symptoms
MG_225776,Symptoms
MG_226170,Symptoms
MG_226198,Symptoms
MG_226214,Symptoms
MG_226241,Symptoms
MG_226414,Symptoms
MG_226446,Symptoms
MG_226470,Symptoms
MG_226531,Symptoms
MG_226574,Symptoms
MG_226594,Symptoms
MG_226740,Symptoms
MG_226769,Gates-UMD
MG_226787,Symptoms
MG_226813,Gates-UMD
MG_226897,Gates-UMD
MG_226961,Gates-UMD
MG_227033,Gates-UMD
MG_227093,Symptoms
MG_227124,Symptoms
MG_227144,Symptoms
MG_227168,Symptoms
MG_227188,Symptoms
MG_227477,Symptoms
MG_227505,Symptoms
MG_227525,Symptoms
MG_228087,Symptoms
MG_228135,Symptoms
MG_228425,Symptoms
MG_228472,Symptoms
MG_228854,Symptoms
MG_228885,Symptoms
MG_228909,Symptoms
MG_228953,Symptoms
MG_235318,Gates-UMD
MG_235371,Gates-UMD
MG_235407,Gates-UMD
MG_253534,Gates-UMD
MG_253574,Gates-UMD
MG_253630,Gates-UMD
MG_253682,Gates-UMD
MG_253759,Gates-UMD
MG_255555,MMOTH
MG_255556,MMOTH
MG_255557,MMOTH
MG_255562,MMOTH
MG_255563,MMOTH
MG_255566,MMOTH
MG_255567,MMOTH
MG_255568,MMOTH
MG_255569,MMOTH
MG_255570,MMOTH
MG_255573,MMOTH
MG_255580,MMOTH
MG_255581,MMOTH
MG_255582,MMOTH
MG_255585,MMOTH
MG_255589,MMOTH
MG_255590,MMOTH
MG_255592,MMOTH
MG_255597,MMOTH
MG_255598,MMOTH
MG_255610,MMOTH
MG_255611,MMOTH
MG_255612,MMOTH
MG_255614,MMOTH
MG_255616,MMOTH
MG_255634,MMOTH
MG_255635,MMOTH
MG_255645,MMOTH
MG_255646,MMOTH
MG_255656,MMOTH
MG_255657,MMOTH
MG_255658,MMOTH
MG_255659,MMOTH
MG_255660,MMOTH
MG_255663,MMOTH
MG_255666,MMOTH
MG_255672,MMOTH
MG_255673,MMOTH
MG_255677,MMOTH
MG_255680,MMOTH
MG_255681,MMOTH
MG_255689,MMOTH
MG_255690,MMOTH
MG_255691,MMOTH
MG_255692,MMOTH
MG_255693,MMOTH
MG_255694,MMOTH
MG_256775,Gates-UMD
MG_256831,Gates-UMD
MG_256903,Gates-UMD
MG_256968,Gates-UMD
MG_257032,Gates-UMD
MG_261195,Gates-UMD
MG_261275,Gates-UMD
MG_262965,Gates-UMD
MG_262997,Gates-UMD
MG_263077,Gates-UMD
MG_263162,Gates-UMD
MG_263210,Gates-UMD
MG_30_00525_02,ZAPPS
MG_30_00528_02,ZAPPS
MG_30_00532_04,ZAPPS
MG_30_00536_05,ZAPPS
MG_30_00544_05,ZAPPS
MG_30_00545_03,ZAPPS
MG_30_00547_04,ZAPPS
MG_30_00548_02,ZAPPS
MG_30_00553_04,ZAPPS
MG_30_00558_04,ZAPPS
MG_30_00566_04,ZAPPS
MG_30_00568_05,ZAPPS
MG_30_00569_03,ZAPPS
MG_30_00594_02,ZAPPS
MG_30_00595_02,ZAPPS
MG_30_00596_05,ZAPPS
MG_30_00600_05,ZAPPS
MG_30_00609_05,ZAPPS
MG_30_00620_03,ZAPPS
MG_30_04004_02,ZAPPS
MG_30_04009_05,ZAPPS
MG_30_04010_04,ZAPPS
MG_30_04017_02,ZAPPS
MG_30_04023_05,ZAPPS
MG_30_04027_03,ZAPPS
MG_30_04033_03,ZAPPS
MG_30_04034_05,ZAPPS
MG_30_04036_04,ZAPPS
MG_30_04040_03,ZAPPS
MG_30_04043_03,ZAPPS
MG_30_04047_05,ZAPPS
MG_30_04058_05,ZAPPS
MG_30_04065_05,ZAPPS
MG_30_04082_03,ZAPPS
MG_30_04087_05,ZAPPS
MG_30_04088_05,ZAPPS
MG_30_04089_05,ZAPPS
MG_30_04094_03,ZAPPS
MG_30_04101_03,ZAPPS
MG_30_04104_03,ZAPPS
MG_30_04106_03,ZAPPS
MG_30_04107_03,ZAPPS
MG_30_04123_03,ZAPPS
MG_30_04124_03,ZAPPS
MG_30_04127_05,ZAPPS
MG_30_04128_03,ZAPPS
MG_30_04129_03,ZAPPS
MG_30_04135_05,ZAPPS
MG_30_04765_04,ZAPPS
MG_30_04791_02,ZAPPS
MG_30_04801_04,ZAPPS
MG_30_04809_04,ZAPPS
MG_30_04820_02,ZAPPS
MG_30_04911_05,ZAPPS
MG_30_04913_03,ZAPPS
MG_30_04914_05,ZAPPS
MG_30_04916_02,ZAPPS
MG_30_04921_03,ZAPPS
MG_30_04922_03,ZAPPS
MG_30_04934_05,ZAPPS
MG_30_04945_04,ZAPPS
MG_30_04950_02,ZAPPS
MG_30_05256_02,ZAPPS
MG_30_05260_05,ZAPPS
MG_30_05263_02,ZAPPS
MG_30_05293_04,ZAPPS
MG_30_05297_03,ZAPPS
MG_30_05298_04,ZAPPS
MG_30_05326_04,ZAPPS
MG_30_05331_04,ZAPPS
MG_30_05336_03,ZAPPS
MG_30_05434_02,ZAPPS
MG_30_05438_03,ZAPPS
MG_30_05443_04,ZAPPS
MG_30_05445_02,ZAPPS
MG_30_05449_04,ZAPPS
MG_30_05454_03,ZAPPS
MG_30_05455_04,ZAPPS
MG_30_05459_03,ZAPPS
MG_30_05474_05,ZAPPS
MG_30_05476_05,ZAPPS
MG_30_05477_04,ZAPPS
MG_30_05483_03,ZAPPS
MG_30_05486_03,ZAPPS
MG_30_05494_05,ZAPPS
MG_30_05509_02,ZAPPS
MG_30_05781_02,ZAPPS
MG_30_05792_02,ZAPPS
MG_30_05825_04,ZAPPS
MG_30_05842_03,ZAPPS
MG_30_05851_04B,ZAPPS
MG_30_05865_03,ZAPPS
MG_30_05890_04,ZAPPS
MG_30_05911_05,ZAPPS
MG_30_05932_02,ZAPPS
MG_30_05945_02,ZAPPS
MG_30_06667_05,ZAPPS
MG_30_06676_04,ZAPPS
MG_30_06699_04,ZAPPS
MG_30_06700_02,ZAPPS
MG_30_06948_04,ZAPPS
MG_30_06956_04,ZAPPS
MG_30_06963_02,ZAPPS
MG_30_06978_03,ZAPPS
MG_30_06987_03,ZAPPS
MG_30_07066_02,ZAPPS
MG_30_07086_05,ZAPPS
MG_30_07096_05,ZAPPS
MG_30_07097_02,ZAPPS
MG_30_07639_02,ZAPPS
MG_30_07641_02B,ZAPPS
MG_30_07648_05,ZAPPS
MG_30_07655_02,ZAPPS
MG_30_07669_03,ZAPPS
MG_30_07683_04,ZAPPS
MG_30_07724_04,ZAPPS
MG_30_07728_03,ZAPPS
MG_30_08151_03,ZAPPS
MG_30_08160_04,ZAPPS
MG_30_08171_02,ZAPPS
MG_30_08185_03,ZAPPS
MG_30_08187_02,ZAPPS
MG_30_08193_05,ZAPPS
MG_30_08200_03,ZAPPS
MG_30_08209_03,ZAPPS
MG_30_08210_04,ZAPPS
MG_30_08211_02,ZAPPS
MG_30_08220_03,ZAPPS
MG_30_08479_03,ZAPPS
MG_30_08480_05,ZAPPS
MG_30_08485_04,ZAPPS
MG_30_08488_04,ZAPPS
MG_30_08501_03,ZAPPS
MG_30_08532_02,ZAPPS
MG_30_08582_02,ZAPPS
MG_30_08604_03,ZAPPS
MG_30_08623_03,ZAPPS
MG_30_08639_05,ZAPPS
MG_30_08640_05,ZAPPS
MG_30_08662_03,ZAPPS
MG_30_09057_03,ZAPPS
MG_30_09062_03,ZAPPS
MG_30_09070_03,ZAPPS
MG_30_09071_04,ZAPPS
MG_30_09077_04,ZAPPS
MG_30_09089_04,ZAPPS
MG_30_09094_03,ZAPPS
MG_30_09099_05,ZAPPS
MG_30_09101_05,ZAPPS
MG_30_09107_05,ZAPPS
MG_30_09121_03,ZAPPS
MG_30_10078_03,ZAPPS
MG_30_10088_03,ZAPPS
MG_30_10109_02,ZAPPS
MG_30_10160_02,ZAPPS
MG_30_10165_02,ZAPPS
MG_30_10174_04,ZAPPS
MG_30_10191_03,ZAPPS
MG_30_10193_03B,ZAPPS
MG_30_10240_05,ZAPPS
MG_30_10245_05,ZAPPS
MG_30_10302_05,ZAPPS
MG_30_10305_02,ZAPPS
MG_30_10317_05,ZAPPS
MG_30_10318_02B,ZAPPS
MG_30_10537_02,ZAPPS
MG_30_10546_04,ZAPPS
MG_30_10561_03,ZAPPS
MG_30_10563_03,ZAPPS
MG_30_10566_05,ZAPPS
MG_30_10572_05,ZAPPS
MG_30_10597_05,ZAPPS
MG_30_10617_05,ZAPPS
MG_30_10621_05,ZAPPS
MG_30_10660_05,ZAPPS
MG_30_10693_02,ZAPPS
MG_30_10697_04,ZAPPS
MG_30_10710_04,ZAPPS
MG_30_11411_04,ZAPPS
MG_30_11432_03,ZAPPS
MG_30_11452_03,ZAPPS
MG_30_11459_03,ZAPPS
MG_30_11495_03,ZAPPS
MG_30_11517_02,ZAPPS
MG_30_11552_03,ZAPPS
MG_30_12189_03,ZAPPS
MG_30_12191_03B,ZAPPS
MG_30_12227_05,ZAPPS
MG_30_12231_03,ZAPPS
MG_30_12233_05,ZAPPS
MG_30_12270_05,ZAPPS
MG_30_12554_04,ZAPPS
MG_30_12557_04,ZAPPS
MG_30_12558_03,ZAPPS
MG_30_12564_03,ZAPPS
MG_30_12578_04,ZAPPS
MG_30_12584_04,ZAPPS
MG_30_12585_04,ZAPPS
MG_30_12586_04,ZAPPS
MG_30_12587_03,ZAPPS
MG_30_12594_02,ZAPPS
MG_30_12613_02,ZAPPS
MG_30_12615_03,ZAPPS
MG_30_13172_05,ZAPPS
MG_30_13175_04,ZAPPS
MG_30_13177_03,ZAPPS
MG_30_13179_05,ZAPPS
MG_30_13196_05,ZAPPS
MG_30_13199_05,ZAPPS
MG_30_13200_03,ZAPPS
MG_30_13268_03,ZAPPS
MG_30_13272_02,ZAPPS
MG_30_13273_05,ZAPPS
MG_30_13274_05,ZAPPS
MG_30_13282_05,ZAPPS
MG_30_13283_05,ZAPPS
MG_30_13307_04,ZAPPS
MG_30_13314_02,ZAPPS
MG_30_13329_04,ZAPPS
MG_30_13348_05,ZAPPS
MG_30_13827_03,ZAPPS
MG_30_13828_03,ZAPPS
MG_30_13863_03,ZAPPS
MG_30_13866_03,ZAPPS
MG_30_13871_04,ZAPPS
MG_30_13875_03,ZAPPS
MG_30_13876_03,ZAPPS
MG_30_13879_02,ZAPPS
MG_30_13881_03,ZAPPS
MG_30_13885_05,ZAPPS
MG_30_13886_03,ZAPPS
MG_30_13890_05,ZAPPS
MG_30_13896_03,ZAPPS
MG_30_13905_03,ZAPPS
MG_30_13917_02,ZAPPS
MG_30_14391_05,ZAPPS
MG_30_14400_05,ZAPPS
MG_30_14403_04,ZAPPS
MG_30_14407_05,ZAPPS
MG_30_14415_03,ZAPPS
MG_30_14416_03,ZAPPS
MG_30_14417_05,ZAPPS
MG_30_14418_03,ZAPPS
MG_30_14429_05,ZAPPS
MG_30_14434_03,ZAPPS
MG_30_14437_05,ZAPPS
MG_30_14444_03,ZAPPS
MG_30_14450_05,ZAPPS
MG_30_14458_05,ZAPPS
MG_30_15242_02,ZAPPS
MG_30_15243_05,ZAPPS
MG_30_15250_03,ZAPPS
MG_30_15254_02,ZAPPS
MG_30_15276_03,ZAPPS
MG_30_15282_02,ZAPPS
MG_30_15300_02,ZAPPS
MG_30_15311_02,ZAPPS
MG_30_16231_04,ZAPPS
MG_30_16239_02,ZAPPS
MG_30_16241_03,ZAPPS
MG_30_16242_05,ZAPPS
MG_30_16253_04,ZAPPS
MG_30_16279_02,ZAPPS
MG_30_16308_02,ZAPPS
MG_30_16318_03,ZAPPS
MG_30_16506_03,ZAPPS
MG_30_16514_05,ZAPPS
MG_30_16529_02,ZAPPS
MG_30_16558_02,ZAPPS
MG_30_16564_05,ZAPPS
MG_30_16565_03,ZAPPS
MG_30_17792_02,ZAPPS
MG_30_17796_04,ZAPPS
MG_30_17806_05,ZAPPS
MG_30_17819_04,ZAPPS
MG_339011,STING
MG_339043,STING
MG_339075,STING
MG_339107,STING
MG_339139,STING
MG_339171,STING
MG_339203,STING
MG_339235,STING
MG_339267,LSVF
MG_339299,STING
MG_339331,STING
MG_339363,STING
MG_339395,STING
MG_339427,STING
MG_339459,STING
MG_339491,STING
MG_339523,STING
MG_339555,STING
MG_339587,STING
MG_339619,STING
MG_339651,STING
MG_339683,STING
MG_339715,STING
MG_339747,STING
MG_339779,STING
MG_339811,STING
MG_339843,STING
MG_339875,LSVF
MG_339907,STING
MG_339939,STING
MG_339971,STING
MG_340003,STING
MG_340035,STING
MG_340067,STING
MG_340099,STING
MG_340131,STING
MG_340163,STING
MG_340195,STING
MG_340227,STING
MG_340259,STING
MG_340291,STING
MG_340323,STING
MG_340355,STING
MG_340387,STING
MG_340419,STING
MG_340483,STING
MG_340515,STING
MG_340547,STING
MG_340579,STING
MG_340595,STING
MG_340646,STING
MG_340663,STING
MG_340680,STING
MG_340697,STING
MG_340748,STING
MG_340765,LSVF
MG_340782,LSVF
MG_340816,LSVF
MG_340850,LSVF
MG_340884,LSVF
MG_340901,STING
MG_340918,LSVF
MG_340935,STING
MG_340969,STING
MG_340986,STING
MG_341003,STING
MG_341037,STING
MG_341071,STING
MG_341088,STING
MG_341105,STING
MG_341122,STING
MG_341139,LSVF
MG_341156,LSVF
MG_341190,LSVF
MG_341224,STING
MG_341241,STING
MG_341258,LSVF
MG_341275,STING
MG_341326,LSVF
MG_341377,STING
MG_341394,STING
MG_341411,STING
MG_341428,STING
MG_4001201139,Gates-Stanford
MG_4001201189,Gates-Stanford
MG_4001201299,Gates-Stanford
MG_4001701169,Gates-Stanford
MG_4001701289,Gates-Stanford
MG_4003101299,Gates-Stanford
MG_4003101359,Gates-Stanford
MG_4003901219,Gates-Stanford
MG_4003901259,Gates-Stanford
MG_4003901309,Gates-Stanford
MG_4003901359,Gates-Stanford
MG_4003901409,Gates-Stanford
MG_4004001199,Gates-Stanford
MG_4004001239,Gates-Stanford
MG_4004001279,Gates-Stanford
MG_4004001329,Gates-Stanford
MG_4004001379,Gates-Stanford
MG_4004101369,Gates-Stanford
MG_4005501299,Gates-Stanford
MG_4005501399,Gates-Stanford
MG_4005701209,Gates-Stanford
MG_4005701249,Gates-Stanford
MG_4005701299,Gates-Stanford
MG_4005701349,Gates-Stanford
MG_4005701389,Gates-Stanford
MG_4006001189,Gates-Stanford
MG_4006001209,Gates-Stanford
MG_4006001239,Gates-Stanford
MG_4006001379,Gates-Stanford
MG_4006201179,Gates-Stanford
MG_4006201229,Gates-Stanford
MG_4006201279,Gates-Stanford
MG_4006201329,Gates-Stanford
MG_4006201399,Gates-Stanford
MG_4006301189,Gates-Stanford
MG_4006301229,Gates-Stanford
MG_4006301259,VMRC
MG_4006301339,Gates-Stanford
MG_4006701249,Gates-Stanford
MG_4006801179,Gates-Stanford
MG_4006801249,Gates-Stanford
MG_4006801269,Gates-Stanford
MG_4006801319,Gates-Stanford
MG_4006801359,VMRC
MG_4007601189,Gates-Stanford
MG_4007601239,Gates-Stanford
MG_4007601259,Gates-Stanford
MG_4007601279,Gates-Stanford
MG_4007601359,Gates-Stanford
MG_4007701189,Gates-Stanford
MG_4007701229,Gates-Stanford
MG_4007801189,Gates-Stanford
MG_4007801239,Gates-Stanford
MG_4007801279,Gates-Stanford
MG_4007801309,Gates-Stanford
MG_4007801349,Gates-Stanford
MG_4008001179,Gates-Stanford
MG_4008001269,Gates-Stanford
MG_4008001369,VMRC
MG_4008201229,Gates-Stanford
MG_4008201299,Gates-Stanford
MG_4008201359,Gates-Stanford
MG_4008201389,VMRC
MG_4008301179,Gates-Stanford
MG_4008301189,Gates-Stanford
MG_4008301219,Gates-Stanford
MG_4008301269,Gates-Stanford
MG_4008301279,Gates-Stanford
MG_4008501209,Gates-Stanford
MG_4008501249,Gates-Stanford
MG_4008501299,Gates-Stanford
MG_4008501339,Gates-Stanford
MG_4008501389,Gates-Stanford
MG_4008701169,Gates-Stanford
MG_4008701229,Gates-Stanford
MG_4008701279,Gates-Stanford
MG_4008701329,Gates-Stanford
MG_4008701379,Gates-Stanford
MG_4008801239,Gates-Stanford
MG_4008801259,Gates-Stanford
MG_4008801269,Gates-Stanford
MG_4008801279,Gates-Stanford
MG_4008801299,Gates-Stanford
MG_4008901169,Gates-Stanford
MG_4008901219,Gates-Stanford
MG_4008901269,Gates-Stanford
MG_4009001179,Gates-Stanford
MG_4009001219,VMRC
MG_4009001259,Gates-Stanford
MG_4009901279,Gates-Stanford
MG_4009901309,Gates-Stanford
MG_4009901339,Gates-Stanford
MG_4009901359,VMRC
MG_4010001169,Gates-Stanford
MG_4010001229,Gates-Stanford
MG_4010001279,Gates-Stanford
MG_4010001319,Gates-Stanford
MG_4010001379,Gates-Stanford
MG_4010101169,Gates-Stanford
MG_4010101219,Gates-Stanford
MG_4010101259,Gates-Stanford
MG_4010101289,Gates-Stanford
MG_4010101319,Gates-Stanford
MG_433788,STING
MG_433819,STING
MG_433850,STING
MG_433881,STING
MG_433912,STING
MG_433943,STING
MG_434005,STING
MG_434036,STING
MG_434067,STING
MG_434098,STING
MG_434160,STING
MG_434191,STING
MG_434222,STING
MG_434253,STING
MG_434284,STING
MG_434315,STING
MG_434346,STING
MG_434377,STING
MG_434470,STING
MG_434501,STING
MG_434532,STING
MG_434563,STING
MG_434625,STING
MG_434656,STING
MG_435357,STING
MG_435374,STING
MG_435391,STING
MG_435442,STING
MG_435459,STING
MG_435493,STING
MG_435510,STING
MG_435629,STING
MG_435663,STING
MG_4905201199,Gates-Stanford
MG_4905201399,Gates-Stanford
MG_4907301169,Gates-Stanford
MG_4907301219,Gates-Stanford
MG_4907301259,Gates-Stanford
MG_4907301309,Gates-Stanford
MG_4907301369,Gates-Stanford
MG_FB04014209,Gates-Stanford
MG_UAB002_W10D4_181150,Symptoms
MG_UAB002_W8D4_181086,Symptoms
MG_UAB002_W9D7_181134,Symptoms
MG_UAB0135_W1D1_228762,Symptoms
MG_UAB0135_W1D3_228770,Symptoms
MG_UAB0135_W1D6_228782,Symptoms
MG_UAB0135_W2D2_228798,Symptoms
MG_UAB0135_W2D4_228806,Symptoms
MG_UAB0135_W2D6_228814,Symptoms
MG_UAB053_W1D2_195635,Symptoms
MG_UAB053_W1D6_195652,Symptoms
MG_UAB053_W3D6_195716,Symptoms
MG_UAB053_W3D7_195724,Symptoms
MG_UAB061_W2D3_199362,Symptoms
MG_UAB061_W2D6_199375,Symptoms
MG_UAB061_W3D1_199387,Symptoms
MG_UAB061_W3D4_199398,Symptoms
MG_UAB061_W3D6_199406,Symptoms
MG_UAB065_W2D5_200718,Symptoms
MG_UAB065_W3D3_200743,Symptoms
MG_UAB065_W3D5_200750,Symptoms
MG_UAB065_W3D7_200763,Symptoms
MG_UAB065_W4D2_200770,Symptoms
NMH1,Irish
NMH10,Irish
NMH11,Irish
NMH12,Irish
NMH13,Irish
NMH14,Irish
NMH15,Irish
NMH16,Irish
NMH17,Irish
NMH18,Irish
NMH2,Irish
NMH20,Irish
NMH22,Irish
NMH23,Irish
NMH24,Irish
NMH27,Irish
NMH28,Irish
NMH29,Irish
NMH30,Irish
NMH31,Irish
NMH32,Irish
NMH33,Irish
NMH34,Irish
NMH35,Irish
NMH36,Irish
NMH37,Irish
NMH38,Irish
NMH39,Irish
NMH4,Irish
NMH41,Irish
NMH42,Irish
NMH43,Irish
NMH44,Irish
NMH45,Irish
NMH47,Irish
NMH48,Irish
NMH49,Irish
NMH5,Irish
NMH50,Irish
NMH51,Irish
NMH52,Irish
NMH53,Irish
NMH56,Irish
NMH57,Irish
NMH58,Irish
NMH59,Irish
NMH6,Irish
NMH60,Irish
NMH61,Irish
NMH62,Irish
NMH63,Irish
NMH64,Irish
NMH65,Irish
NMH66,Irish
NMH67,Irish
NMH68,Irish
NMH69,Irish
NMH7,Irish
NMH70,Irish
NMH71,Irish
NMH72,Irish
NMH73,Irish
NMH74,Irish
NMH76,Irish
NMH77,Irish
NMH78,Irish
NMH79,Irish
NMH8,Irish
NMH80,Irish
NMH81,Irish
NMH82,Irish
NMH83,Irish
NMH84,Irish
NMH85,Irish
NMH86,Irish
NMH87,Irish
NMH9,Irish
PB003,Irish
PB004,Irish
PB005,Irish
PB007,Irish
PB009,Irish
PB011,Irish
PB013,Irish
PB014,Irish
PB025,Irish
SRR10258541,Chinese
SRR10258542,Chinese
SRR10258543,Chinese
SRR10258544,Chinese
SRR10258545,Chinese
SRR10258546,Chinese
SRR10258547,Chinese
SRR10258548,Chinese
SRR10258549,Chinese
SRR10258550,Chinese
SRR10258551,Chinese
SRR10258552,Chinese
SRR10258553,Chinese
SRR10258554,Chinese
SRR10258555,Chinese
SRR10258556,Chinese
SRR10258557,Chinese
SRR10258558,Chinese
SRR10258560,Chinese
SRR10258561,Chinese
SRR10258562,Chinese
SRR10258563,Chinese
SRR10258564,Chinese
SRR10258565,Chinese
SRR10258566,Chinese
SRR10258567,Chinese
SRR10258568,Chinese
SRR10258569,Chinese
SRR10258570,Chinese
SRR10258571,Chinese
SRR10258572,Chinese
SRR10258574,Chinese
SRR10258575,Chinese
SRR11749262,Chinese
SRR11749263,Chinese
SRR11749264,Chinese
SRR11749265,Chinese
SRR11749266,Chinese
SRR11749267,Chinese
SRR11749268,Chinese
SRR11749269,Chinese
SRR11749270,Chinese
SRR11749271,Chinese
SRR11749272,Chinese
SRR11749273,Chinese
SRR11749274,Chinese
SRR11749275,Chinese
SRR11749276,Chinese
SRR11749277,Chinese
SRR11749278,Chinese
SRR11749279,Chinese
SRR11749280,Chinese
SRR11749281,Chinese
SRR11749282,Chinese
SRR11749283,Chinese
SRR11749284,Chinese
SRR11749285,Chinese
SRR11749286,Chinese
SRR11749287,Chinese
SRR11749288,Chinese
SRR11749289,Chinese
SRR11749290,Chinese
SRR11749291,Chinese
SRR11749292,Chinese
SRR18765384,FIJI
SRR18765387,FIJI
SRR18765391,FIJI
SRR18765392,FIJI
SRR18765393,FIJI
SRR18765395,FIJI
SRR18765396,FIJI
SRR18765398,FIJI
SRR18765399,FIJI
SRR18765400,FIJI
SRR18765402,FIJI
SRR18765403,FIJI
SRR18765405,FIJI
SRR18765406,FIJI
SRR18765408,FIJI
SRR18765409,FIJI
SRR18765412,FIJI